{
    "name": "root",
    "gauges": {
        "SimpleLevel.Policy.Entropy.mean": {
            "value": 2.1361639499664307,
            "min": 1.4405686855316162,
            "max": 2.1361639499664307,
            "count": 15
        },
        "SimpleLevel.Policy.Entropy.sum": {
            "value": 213377.140625,
            "min": 144293.125,
            "max": 213377.140625,
            "count": 15
        },
        "SimpleLevel.Environment.EpisodeLength.mean": {
            "value": 167.31155778894473,
            "min": 31.416207455429497,
            "max": 167.31155778894473,
            "count": 15
        },
        "SimpleLevel.Environment.EpisodeLength.sum": {
            "value": 99885.0,
            "min": 96919.0,
            "max": 99885.0,
            "count": 15
        },
        "SimpleLevel.achieved_checkpoints.mean": {
            "value": 134.00167504187604,
            "min": 29.58470976875885,
            "max": 134.00167504187604,
            "count": 15
        },
        "SimpleLevel.achieved_checkpoints.sum": {
            "value": 79999.0,
            "min": 62690.0,
            "max": 115602.0,
            "count": 15
        },
        "SimpleLevel.progress_norm.mean": {
            "value": 0.25210560058903453,
            "min": 0.055473007746642954,
            "max": 0.25210560058903453,
            "count": 15
        },
        "SimpleLevel.progress_norm.sum": {
            "value": 150.50704355165362,
            "min": 117.54730341513641,
            "max": 217.24375067092478,
            "count": 15
        },
        "SimpleLevel.Step.mean": {
            "value": 1499933.0,
            "min": 99999.0,
            "max": 1499933.0,
            "count": 15
        },
        "SimpleLevel.Step.sum": {
            "value": 1499933.0,
            "min": 99999.0,
            "max": 1499933.0,
            "count": 15
        },
        "SimpleLevel.Policy.ExtrinsicValueEstimate.mean": {
            "value": 3.121107816696167,
            "min": 0.6879992485046387,
            "max": 3.121107816696167,
            "count": 15
        },
        "SimpleLevel.Policy.ExtrinsicValueEstimate.sum": {
            "value": 2400.1318359375,
            "min": 1459.2464599609375,
            "max": 4114.7294921875,
            "count": 15
        },
        "SimpleLevel.Environment.CumulativeReward.mean": {
            "value": 10.548948250870351,
            "min": 2.2545723216828026,
            "max": 10.548948250870351,
            "count": 15
        },
        "SimpleLevel.Environment.CumulativeReward.sum": {
            "value": 6287.17315751873,
            "min": 4775.184177324176,
            "max": 9806.02954171598,
            "count": 15
        },
        "SimpleLevel.Policy.ExtrinsicReward.mean": {
            "value": 10.548948250870351,
            "min": 2.2545723216828026,
            "max": 10.548948250870351,
            "count": 15
        },
        "SimpleLevel.Policy.ExtrinsicReward.sum": {
            "value": 6287.17315751873,
            "min": 4775.184177324176,
            "max": 9806.02954171598,
            "count": 15
        },
        "SimpleLevel.Losses.PolicyLoss.mean": {
            "value": 0.023977083126083015,
            "min": 0.02204855606619579,
            "max": 0.0264383479890724,
            "count": 15
        },
        "SimpleLevel.Losses.PolicyLoss.sum": {
            "value": 0.23977083126083015,
            "min": 0.2204855606619579,
            "max": 0.264383479890724,
            "count": 15
        },
        "SimpleLevel.Losses.ValueLoss.mean": {
            "value": 0.6308234930038452,
            "min": 0.08143027962495883,
            "max": 0.6719587918784884,
            "count": 15
        },
        "SimpleLevel.Losses.ValueLoss.sum": {
            "value": 6.308234930038452,
            "min": 0.8143027962495883,
            "max": 6.397380499045055,
            "count": 15
        },
        "SimpleLevel.Policy.LearningRate.mean": {
            "value": 0.0002956602407031893,
            "min": 0.0002956602407031893,
            "max": 0.0002998456007165891,
            "count": 15
        },
        "SimpleLevel.Policy.LearningRate.sum": {
            "value": 0.002956602407031893,
            "min": 0.00266359334077149,
            "max": 0.0029955310604449573,
            "count": 15
        },
        "SimpleLevel.Policy.Epsilon.mean": {
            "value": 0.19855341308553418,
            "min": 0.19855341308553418,
            "max": 0.19994853355504094,
            "count": 15
        },
        "SimpleLevel.Policy.Epsilon.sum": {
            "value": 1.9855341308553418,
            "min": 1.7878644428786443,
            "max": 1.9985103529851036,
            "count": 15
        },
        "SimpleLevel.Policy.Beta.mean": {
            "value": 0.04927685120145851,
            "min": 0.04927685120145851,
            "max": 0.049974271924164954,
            "count": 15
        },
        "SimpleLevel.Policy.Beta.sum": {
            "value": 0.4927685120145851,
            "min": 0.44393343499503435,
            "max": 0.49925532545725326,
            "count": 15
        },
        "SimpleLevel.IsTraining.mean": {
            "value": 1.0,
            "min": 1.0,
            "max": 1.0,
            "count": 15
        },
        "SimpleLevel.IsTraining.sum": {
            "value": 1.0,
            "min": 1.0,
            "max": 1.0,
            "count": 15
        }
    },
    "metadata": {
        "timer_format_version": "0.1.0",
        "start_time_seconds": "1757802383",
        "python_version": "3.9.6 (default, Mar 12 2025, 20:22:46) \n[Clang 17.0.0 (clang-1700.0.13.3)]",
        "command_line_arguments": "/Users/maximilian/.local/share/virtualenvs/config-6tAeTmUk/bin/mlagents-learn configuration_simple.yaml --run-id=Milestones_8-MilestonePay_1-HolePunishment_0.2-Reward_0.5-Decision_3-Beta_0.05-StackedVectors_10-Boards_4-Tiltspeed_90-Batch_1024-Buffer_10240-HiddenUnits_1280-RayCount_8-RayDistance_4-RandomBallPosition",
        "mlagents_version": "0.30.0",
        "mlagents_envs_version": "0.30.0",
        "communication_protocol_version": "1.5.0",
        "pytorch_version": "1.11.0",
        "numpy_version": "1.21.2",
        "end_time_seconds": "1757806776"
    },
    "total": 4392.904407666,
    "count": 1,
    "self": 0.004084873999090632,
    "children": {
        "run_training.setup": {
            "total": 0.018017125000000078,
            "count": 1,
            "self": 0.018017125000000078
        },
        "TrainerController.start_learning": {
            "total": 4392.882305667001,
            "count": 1,
            "self": 3.2916309018737593,
            "children": {
                "TrainerController._reset_env": {
                    "total": 10.244936083,
                    "count": 1,
                    "self": 10.244936083
                },
                "TrainerController.advance": {
                    "total": 4379.101125807128,
                    "count": 398316,
                    "self": 3.1012187749347504,
                    "children": {
                        "env_step": {
                            "total": 3988.69150150699,
                            "count": 398316,
                            "self": 3674.421452348912,
                            "children": {
                                "SubprocessEnvManager._take_step": {
                                    "total": 312.1976562680823,
                                    "count": 398316,
                                    "self": 10.502225791996523,
                                    "children": {
                                        "TorchPolicy.evaluate": {
                                            "total": 301.6954304760858,
                                            "count": 382348,