{
    "name": "root",
    "gauges": {
        "DiffV2Agent.Policy.Entropy.mean": {
            "value": 1.4437929391860962,
            "min": 1.4211101531982422,
            "max": 1.4437929391860962,
            "count": 6
        },
        "DiffV2Agent.Policy.Entropy.sum": {
            "value": 72157.8828125,
            "min": 71088.1953125,
            "max": 72157.8828125,
            "count": 6
        },
        "DiffV2Agent.Environment.EpisodeLength.mean": {
            "value": 336.1409395973154,
            "min": 91.74163568773234,
            "max": 336.1409395973154,
            "count": 6
        },
        "DiffV2Agent.Environment.EpisodeLength.sum": {
            "value": 50085.0,
            "min": 48936.0,
            "max": 50085.0,
            "count": 6
        },
        "DiffV2Agent.Step.mean": {
            "value": 299952.0,
            "min": 49959.0,
            "max": 299952.0,
            "count": 6
        },
        "DiffV2Agent.Step.sum": {
            "value": 299952.0,
            "min": 49959.0,
            "max": 299952.0,
            "count": 6
        },
        "DiffV2Agent.Policy.ExtrinsicValueEstimate.mean": {
            "value": -0.635676920413971,
            "min": -0.635676920413971,
            "max": -0.06336814165115356,
            "count": 6
        },
        "DiffV2Agent.Policy.ExtrinsicValueEstimate.sum": {
            "value": -555.5816040039062,
            "min": -555.5816040039062,
            "max": -67.9940185546875,
            "count": 6
        },
        "DiffV2Agent.Environment.CumulativeReward.mean": {
            "value": -1.719660212829609,
            "min": -1.719660212829609,
            "max": 0.1508491157383173,
            "count": 6
        },
        "DiffV2Agent.Environment.CumulativeReward.sum": {
            "value": -256.22937171161175,
            "min": -256.22937171161175,
            "max": 80.55342780426145,
            "count": 6
        },
        "DiffV2Agent.Policy.ExtrinsicReward.mean": {
            "value": -1.719660212829609,
            "min": -1.719660212829609,
            "max": 0.1508491157383173,
            "count": 6
        },
        "DiffV2Agent.Policy.ExtrinsicReward.sum": {
            "value": -256.22937171161175,
            "min": -256.22937171161175,
            "max": 80.55342780426145,
            "count": 6
        },
        "DiffV2Agent.Losses.PolicyLoss.mean": {
            "value": 0.02349884728901088,
            "min": 0.02111516965863605,
            "max": 0.025103928797567888,
            "count": 6
        },
        "DiffV2Agent.Losses.PolicyLoss.sum": {
            "value": 0.1174942364450544,
            "min": 0.08839410507353022,
            "max": 0.12551964398783944,
            "count": 6
        },
        "DiffV2Agent.Losses.ValueLoss.mean": {
            "value": 0.012662896259377398,
            "min": 0.012662896259377398,
            "max": 0.048473113651076954,
            "count": 6
        },
        "DiffV2Agent.Losses.ValueLoss.sum": {
            "value": 0.06331448129688699,
            "min": 0.06331448129688699,
            "max": 0.2255795375133554,
            "count": 6
        },
        "DiffV2Agent.Policy.LearningRate.mean": {
            "value": 0.00029916794066903255,
            "min": 0.00029916794066903255,
            "max": 0.0002999229172749234,
            "count": 6
        },
        "DiffV2Agent.Policy.LearningRate.sum": {
            "value": 0.0014958397033451628,
            "min": 0.0011996916690996935,
            "max": 0.0014989214853487198,
            "count": 6
        },
        "DiffV2Agent.Policy.Epsilon.mean": {
            "value": 0.1997226467972265,
            "min": 0.1997226467972265,
            "max": 0.19997430574974306,
            "count": 6
        },
        "DiffV2Agent.Policy.Epsilon.sum": {
            "value": 0.9986132339861326,
            "min": 0.7998972229989723,
            "max": 0.9996404949964051,
            "count": 6
        },
        "DiffV2Agent.Policy.Beta.mean": {
            "value": 0.00997229241504292,
            "min": 0.00997229241504292,
            "max": 0.00999743314439933,
            "count": 6
        },
        "DiffV2Agent.Policy.Beta.sum": {
            "value": 0.04986146207521461,
            "min": 0.03998973257759732,
            "max": 0.049964085450140854,
            "count": 6
        },
        "DiffV2Agent.IsTraining.mean": {
            "value": 1.0,
            "min": 1.0,
            "max": 1.0,
            "count": 6
        },
        "DiffV2Agent.IsTraining.sum": {
            "value": 1.0,
            "min": 1.0,
            "max": 1.0,
            "count": 6
        }
    },
    "metadata": {
        "timer_format_version": "0.1.0",
        "start_time_seconds": "1754867188",
        "python_version": "3.9.6 (default, Mar 12 2025, 20:22:46) \n[Clang 17.0.0 (clang-1700.0.13.3)]",
        "command_line_arguments": "/Users/maximilian/.local/share/virtualenvs/config-WKQoqqDy/bin/mlagents-learn configuration_test.yaml --run-id=Beta01Reward015Punishment0002",
        "mlagents_version": "0.30.0",
        "mlagents_envs_version": "0.30.0",
        "communication_protocol_version": "1.5.0",
        "pytorch_version": "1.11.0",
        "numpy_version": "1.21.2",
        "end_time_seconds": "1754868433"
    },
    "total": 1244.7100189999999,
    "count": 1,
    "self": 0.0035826239995913056,
    "children": {
        "run_training.setup": {
            "total": 0.025938291999999974,
            "count": 1,
            "self": 0.025938291999999974
        },
        "TrainerController.start_learning": {
            "total": 1244.6804980840002,
            "count": 1,
            "self": 2.526886258018976,
            "children": {
                "TrainerController._reset_env": {
                    "total": 9.062561291,
                    "count": 1,
                    "self": 9.062561291
                },
                "TrainerController.advance": {
                    "total": 1233.0249838679813,
                    "count": 332961,
                    "self": 2.5452985589879518,
                    "children": {
                        "env_step": {
                            "total": 1193.8427945619803,
                            "count": 332961,
                            "self": 1138.9525579149833,
                            "children": {
                                "SubprocessEnvManager._take_step": {
                                    "total": 53.12758052698919,
                                    "count": 332962,
                                    "self": 5.770366810987262,
                                    "children": {
                                        "TorchPolicy.evaluate": {
                                            "total": 47.35721371600193,
                                            "count": 331375,
                                            "self": 47.35721371600193
                                        }
                                    }
                                },
                                "workers": {
                                    "total": 1.7626561200077084,
                                    "count": 332960,
                                    "self": 0.0,
                                    "children": {
                                        "worker_root": {
                                            "total": 1120.8434671140071,
                                            "count": 332960,
                                            "is_parallel": true,
                                            "self": 192.50135252902794,
                                            "children": {
                                                "steps_from_proto": {
                                                    "total": 0.000517459000000553,
                                                    "count": 2,