{
    "name": "root",
    "metadata": {
        "timer_format_version": "0.1.0",
        "start_time_seconds": "1753044744",
        "python_version": "3.9.6 (default, Mar 12 2025, 20:22:46) \n[Clang 17.0.0 (clang-1700.0.13.3)]",
        "command_line_arguments": "/Users/maximilian/.local/share/virtualenvs/config-WKQoqqDy/bin/mlagents-learn configuration.yaml --run-id=RwardDebugging",
        "mlagents_version": "0.30.0",
        "mlagents_envs_version": "0.30.0",
        "communication_protocol_version": "1.5.0",
        "pytorch_version": "1.11.0",
        "numpy_version": "1.21.2",
        "end_time_seconds": "1753045026"
    },
    "total": 281.535602833,
    "count": 1,
    "self": 0.0033127919999742517,
    "children": {
        "run_training.setup": {
            "total": 0.01765966600000002,
            "count": 1,
            "self": 0.01765966600000002
        },
        "TrainerController.start_learning": {
            "total": 281.514630375,
            "count": 1,
            "self": 0.0871436869996387,
            "children": {
                "TrainerController._reset_env": {
                    "total": 6.2821535829999995,
                    "count": 1,
                    "self": 6.2821535829999995
                },
                "TrainerController.advance": {
                    "total": 275.0723794380003,
                    "count": 17343,
                    "self": 0.08698370199977035,
                    "children": {
                        "env_step": {
                            "total": 273.9212323429997,
                            "count": 17343,
                            "self": 271.93552305499963,
                            "children": {
                                "SubprocessEnvManager._take_step": {
                                    "total": 1.9264787319998211,
                                    "count": 17344,
                                    "self": 0.18836106999938274,
                                    "children": {
                                        "TorchPolicy.evaluate": {
                                            "total": 1.7381176620004384,
                                            "count": 17344,
                                            "self": 1.7381176620004384
                                        }
                                    }
                                },
                                "workers": {
                                    "total": 0.05923055600024352,
                                    "count": 17342,
                                    "self": 0.0,
                                    "children": {
                                        "worker_root": {
                                            "total": 165.00002184400034,
                                            "count": 17342,
                                            "is_parallel": true,
                                            "self": 6.665927077000248,
                                            "children": {
                                                "steps_from_proto": {
                                                    "total": 0.0010694999999989463,
                                                    "count": 2,
                                                    "is_parallel": true,
                                                    "self": 0.00042829100000041365,
                                                    "children": {
                                                        "_process_rank_one_or_two_observation": {
                                                            "total": 0.0006412089999985326,
                                                            "count": 4,
                                                            "is_parallel": true,
                                                            "self": 0.0006412089999985326
                                                        }
                                                    }
                                                },
                                                "UnityEnvironment.step": {
                                                    "total": 158.3330252670001,
                                                    "count": 17342,
                                                    "is_parallel": true,
                                                    "self": 0.26420056900042255,
                                                    "children": {
                                                        "UnityEnvironment._generate_step_input": {
                                                            "total": 0.6553972299996538,
                                                            "count": 17342,
                                                            "is_parallel": true,
                                                            "self": 0.6553972299996538
                                                        },
                                                        "communicator.exchange": {
                                                            "total": 156.7104885390003,
                                                            "count": 17342,
                                                            "is_parallel": true,
                                                            "self": 156.7104885390003
                                                        },
                                                        "steps_from_proto": {
                                                            "total": 0.7029389289997043,
                                                            "count": 17342,
                                                            "is_parallel": true,
                                                            "self": 0.40401332599924533,
                                                            "children": {
                                                                "_process_rank_one_or_two_observation": {
                                                                    "total": 0.298925603000459,
                                                                    "count": 34684,
                                                                    "is_parallel": true,
                                                                    "self": 0.298925603000459
                                                                }
                                                            }
                                                        }
                                                    }
                                                }
                                            }
                                        }
                                    }
                                }
                            }
                        },
                        "trainer_advance": {
                            "total": 1.0641633930008414,
                            "count": 17342,
                            "self": 0.08638505600044244,
                            "children": {
                                "process_trajectory": {
                                    "total": 0.3623518370003973,
                                    "count": 17342,
                                    "self": 0.3623518370003973
                                },
                                "_update_policy": {
                                    "total": 0.6154265000000017,
                                    "count": 1,
                                    "self": 0.5188234590000071,
                                    "children": {
                                        "TorchPPOOptimizer.update": {
                                            "total": 0.0966030409999945,
                                            "count": 30,