{
    "name": "root",
    "gauges": {
        "HoleObservationMultiple.Policy.Entropy.mean": {
            "value": 1.2520298957824707,
            "min": 1.2520298957824707,
            "max": 1.4077818393707275,
            "count": 6
        },
        "HoleObservationMultiple.Policy.Entropy.sum": {
            "value": 125197.984375,
            "min": 125197.984375,
            "max": 140885.171875,
            "count": 6
        },
        "HoleObservationMultiple.Environment.EpisodeLength.mean": {
            "value": 109.21232123212322,
            "min": 33.691559569294895,
            "max": 126.31847133757962,
            "count": 6
        },
        "HoleObservationMultiple.Environment.EpisodeLength.sum": {
            "value": 99274.0,
            "min": 96998.0,
            "max": 99274.0,
            "count": 6
        },
        "HoleObservationMultiple.achieved_checkpoints.mean": {
            "value": 153.4004400440044,
            "min": 29.303577631121918,
            "max": 153.4004400440044,
            "count": 6
        },
        "HoleObservationMultiple.achieved_checkpoints.sum": {
            "value": 139441.0,
            "min": 84365.0,
            "max": 143916.0,
            "count": 6
        },
        "HoleObservationMultiple.progress_norm.mean": {
            "value": 0.713374197810921,
            "min": 0.13628454912957239,
            "max": 0.713374197810921,
            "count": 6
        },
        "HoleObservationMultiple.progress_norm.sum": {
            "value": 648.4571458101273,
            "min": 392.36321694403887,
            "max": 669.3971260935068,
            "count": 6
        },
        "HoleObservationMultiple.Step.mean": {
            "value": 599945.0,
            "min": 99941.0,
            "max": 599945.0,
            "count": 6
        },
        "HoleObservationMultiple.Step.sum": {
            "value": 599945.0,
            "min": 99941.0,
            "max": 599945.0,
            "count": 6
        },
        "HoleObservationMultiple.Policy.ExtrinsicValueEstimate.mean": {
            "value": 8.587289810180664,
            "min": 2.589143753051758,
            "max": 8.587289810180664,
            "count": 6
        },
        "HoleObservationMultiple.Policy.ExtrinsicValueEstimate.sum": {
            "value": 16118.34375,
            "min": 8725.4140625,
            "max": 16118.34375,
            "count": 6
        },
        "HoleObservationMultiple.Environment.CumulativeReward.mean": {
            "value": 44.0873798669446,
            "min": 8.612485936390947,
            "max": 44.0873798669446,
            "count": 6
        },
        "HoleObservationMultiple.Environment.CumulativeReward.sum": {
            "value": 40075.42829905264,
            "min": 24795.347010869533,
            "max": 42018.87411487941,
            "count": 6
        },
        "HoleObservationMultiple.Policy.ExtrinsicReward.mean": {
            "value": 44.0873798669446,
            "min": 8.612485936390947,
            "max": 44.0873798669446,
            "count": 6
        },
        "HoleObservationMultiple.Policy.ExtrinsicReward.sum": {
            "value": 40075.42829905264,
            "min": 24795.347010869533,
            "max": 42018.87411487941,
            "count": 6
        },
        "HoleObservationMultiple.Losses.PolicyLoss.mean": {
            "value": 0.0227972467635603,
            "min": 0.0227972467635603,
            "max": 0.02666485191710914,
            "count": 6
        },
        "HoleObservationMultiple.Losses.PolicyLoss.sum": {
            "value": 0.227972467635603,
            "min": 0.20886699797507996,
            "max": 0.2666485191710914,
            "count": 6
        },
        "HoleObservationMultiple.Losses.ValueLoss.mean": {
            "value": 2.3669853717088705,
            "min": 1.5373230576515198,
            "max": 3.7686010307735867,
            "count": 6
        },
        "HoleObservationMultiple.Losses.ValueLoss.sum": {
            "value": 23.669853717088703,
            "min": 15.373230576515198,
            "max": 33.91740927696228,
            "count": 6
        },
        "HoleObservationMultiple.Policy.LearningRate.mean": {
            "value": 0.00029835215543280323,
            "min": 0.00029835215543280323,
            "max": 0.00029984608938309775,
            "count": 6
        },
        "HoleObservationMultiple.Policy.LearningRate.sum": {
            "value": 0.0029835215543280325,
            "min": 0.0026905744770475866,
            "max": 0.002995536409443228,
            "count": 6
        },
        "HoleObservationMultiple.Policy.Epsilon.mean": {
            "value": 0.1994507182945072,
            "min": 0.1994507182945072,
            "max": 0.1999486964439314,
            "count": 6
        },
        "HoleObservationMultiple.Policy.Epsilon.sum": {
            "value": 1.994507182945072,
            "min": 1.7968581579685816,
            "max": 1.9985121359851217,
            "count": 6
        },
        "HoleObservationMultiple.Policy.Beta.mean": {
            "value": 0.004972590842895909,
            "min": 0.004972590842895909,
            "max": 0.004997439952552177,
            "count": 6
        },
        "HoleObservationMultiple.Policy.Beta.sum": {
            "value": 0.04972590842895909,
            "min": 0.04484322208263222,
            "max": 0.04992575558565755,
            "count": 6
        },
        "HoleObservationMultiple.IsTraining.mean": {
            "value": 1.0,
            "min": 1.0,
            "max": 1.0,
            "count": 6
        },
        "HoleObservationMultiple.IsTraining.sum": {
            "value": 1.0,
            "min": 1.0,
            "max": 1.0,
            "count": 6
        }
    },
    "metadata": {
        "timer_format_version": "0.1.0",
        "start_time_seconds": "1755552802",
        "python_version": "3.9.6 (default, Mar 12 2025, 20:22:46) \n[Clang 17.0.0 (clang-1700.0.13.3)]",
        "command_line_arguments": "/Users/maximilian/.local/share/virtualenvs/config-WKQoqqDy/bin/mlagents-learn configuration.yaml --run-id=50kSteps1.5Reward025Interpolation0.005Time1HolePunish6MaxSeconds512Hidden3LayersBeta0.005",
        "mlagents_version": "0.30.0",
        "mlagents_envs_version": "0.30.0",
        "communication_protocol_version": "1.5.0",
        "pytorch_version": "1.11.0",
        "numpy_version": "1.21.2",
        "end_time_seconds": "1755554324"
    },
    "total": 1522.668679541,
    "count": 1,
    "self": 0.003963624000107302,
    "children": {
        "run_training.setup": {
            "total": 0.017023583999999925,
            "count": 1,
            "self": 0.017023583999999925
        },
        "TrainerController.start_learning": {
            "total": 1522.647692333,
            "count": 1,
            "self": 1.5630980200064641,
            "children": {
                "TrainerController._reset_env": {
                    "total": 7.861213665999999,
                    "count": 1,
                    "self": 7.861213665999999
                },
                "TrainerController.advance": {
                    "total": 1513.1553538129936,
                    "count": 174582,
                    "self": 1.4325976249747328,
                    "children": {
                        "env_step": {
                            "total": 1420.825384934,
                            "count": 174582,
                            "self": 1371.0088231949842,
                            "children": {
                                "SubprocessEnvManager._take_step": {
                                    "total": 48.81168247001199,
                                    "count": 174582,
                                    "self": 3.454634737990979,
                                    "children": {
                                        "TorchPolicy.evaluate": {
                                            "total": 45.35704773202101,