{
    "name": "root",
    "gauges": {
        "SimpleLevel.Policy.Entropy.mean": {
            "value": 1.4398101568222046,
            "min": 1.4398101568222046,
            "max": 1.4398101568222046,
            "count": 1
        },
        "SimpleLevel.Policy.Entropy.sum": {
            "value": 144050.125,
            "min": 144050.125,
            "max": 144050.125,
            "count": 1
        },
        "SimpleLevel.Environment.EpisodeLength.mean": {
            "value": 46.274102079395085,
            "min": 46.274102079395085,
            "max": 46.274102079395085,
            "count": 1
        },
        "SimpleLevel.Environment.EpisodeLength.sum": {
            "value": 97916.0,
            "min": 97916.0,
            "max": 97916.0,
            "count": 1
        },
        "SimpleLevel.achieved_checkpoints.mean": {
            "value": 29.927693761814744,
            "min": 29.927693761814744,
            "max": 29.927693761814744,
            "count": 1
        },
        "SimpleLevel.achieved_checkpoints.sum": {
            "value": 63327.0,
            "min": 63327.0,
            "max": 63327.0,
            "count": 1
        },
        "SimpleLevel.progress_norm.mean": {
            "value": 0.05622347132340232,
            "min": 0.05622347132340232,
            "max": 0.05622347132340232,
            "count": 1
        },
        "SimpleLevel.progress_norm.sum": {
            "value": 118.96886532031931,
            "min": 118.96886532031931,
            "max": 118.96886532031931,
            "count": 1
        },
        "SimpleLevel.Step.mean": {
            "value": 99996.0,
            "min": 99996.0,
            "max": 99996.0,
            "count": 1
        },
        "SimpleLevel.Step.sum": {
            "value": 99996.0,
            "min": 99996.0,
            "max": 99996.0,
            "count": 1
        },
        "SimpleLevel.Policy.ExtrinsicValueEstimate.mean": {
            "value": 0.7382521629333496,
            "min": 0.7382521629333496,
            "max": 0.7382521629333496,
            "count": 1
        },
        "SimpleLevel.Policy.ExtrinsicValueEstimate.sum": {
            "value": 1561.4033203125,
            "min": 1561.4033203125,
            "max": 1561.4033203125,
            "count": 1
        },
        "SimpleLevel.Environment.CumulativeReward.mean": {
            "value": 2.3161811211712253,
            "min": 2.3161811211712253,
            "max": 2.3161811211712253,
            "count": 1
        },
        "SimpleLevel.Environment.CumulativeReward.sum": {
            "value": 4898.723071277142,
            "min": 4898.723071277142,
            "max": 4898.723071277142,
            "count": 1
        },
        "SimpleLevel.Policy.ExtrinsicReward.mean": {
            "value": 2.3161811211712253,
            "min": 2.3161811211712253,
            "max": 2.3161811211712253,
            "count": 1
        },
        "SimpleLevel.Policy.ExtrinsicReward.sum": {
            "value": 4898.723071277142,
            "min": 4898.723071277142,
            "max": 4898.723071277142,
            "count": 1
        },
        "SimpleLevel.Losses.PolicyLoss.mean": {
            "value": 0.025124441793930065,
            "min": 0.025124441793930065,
            "max": 0.025124441793930065,
            "count": 1
        },
        "SimpleLevel.Losses.PolicyLoss.sum": {
            "value": 0.22611997614537058,
            "min": 0.22611997614537058,
            "max": 0.22611997614537058,
            "count": 1
        },
        "SimpleLevel.Losses.ValueLoss.mean": {
            "value": 0.13233078896171518,
            "min": 0.13233078896171518,
            "max": 0.13233078896171518,
            "count": 1
        },
        "SimpleLevel.Losses.ValueLoss.sum": {
            "value": 1.1909771006554366,
            "min": 1.1909771006554366,
            "max": 1.1909771006554366,
            "count": 1
        },
        "SimpleLevel.Policy.LearningRate.mean": {
            "value": 0.00029984573571654544,
            "min": 0.00029984573571654544,
            "max": 0.00029984573571654544,
            "count": 1
        },
        "SimpleLevel.Policy.LearningRate.sum": {
            "value": 0.002698611621448909,
            "min": 0.002698611621448909,
            "max": 0.002698611621448909,
            "count": 1
        },
        "SimpleLevel.Policy.Epsilon.mean": {
            "value": 0.19994857855504133,
            "min": 0.19994857855504133,
            "max": 0.19994857855504133,
            "count": 1
        },
        "SimpleLevel.Policy.Epsilon.sum": {
            "value": 1.7995372069953721,
            "min": 1.7995372069953721,
            "max": 1.7995372069953721,
            "count": 1
        },
        "SimpleLevel.Policy.Beta.mean": {
            "value": 0.04997429441966516,
            "min": 0.04997429441966516,
            "max": 0.04997429441966516,
            "count": 1
        },
        "SimpleLevel.Policy.Beta.sum": {
            "value": 0.44976864977698644,
            "min": 0.44976864977698644,
            "max": 0.44976864977698644,
            "count": 1
        },
        "SimpleLevel.IsTraining.mean": {
            "value": 1.0,
            "min": 1.0,
            "max": 1.0,
            "count": 1
        },
        "SimpleLevel.IsTraining.sum": {
            "value": 1.0,
            "min": 1.0,
            "max": 1.0,
            "count": 1
        }
    },
    "metadata": {
        "timer_format_version": "0.1.0",
        "start_time_seconds": "1757800518",
        "python_version": "3.9.6 (default, Mar 12 2025, 20:22:46) \n[Clang 17.0.0 (clang-1700.0.13.3)]",
        "command_line_arguments": "/Users/maximilian/.local/share/virtualenvs/config-6tAeTmUk/bin/mlagents-learn configuration_simple.yaml --run-id=Milestones_8-MilestonePay_1-HolePunishment_0.2-Reward_0.5-Decision_3-Beta_0.05-StackedVectors_10-Boards_4-Tiltspeed_90-Batch_1024-Buffer_10240-HiddenUnits_1280-RayCount_8-RayDistance_4",
        "mlagents_version": "0.30.0",
        "mlagents_envs_version": "0.30.0",
        "communication_protocol_version": "1.5.0",
        "pytorch_version": "1.11.0",
        "numpy_version": "1.21.2",
        "end_time_seconds": "1757800837"
    },
    "total": 319.322445,
    "count": 1,
    "self": 0.00395191600000544,
    "children": {
        "run_training.setup": {
            "total": 0.01855129199999994,
            "count": 1,
            "self": 0.01855129199999994
        },
        "TrainerController.start_learning": {
            "total": 319.299941792,
            "count": 1,
            "self": 0.24732736999794724,
            "children": {
                "TrainerController._reset_env": {
                    "total": 11.954977290999999,
                    "count": 1,
                    "self": 11.954977290999999
                },
                "TrainerController.advance": {
                    "total": 306.84727934000216,
                    "count": 30668,
                    "self": 0.2243914300052552,
                    "children": {
                        "env_step": {
                            "total": 278.2402818780007,
                            "count": 30668,
                            "self": 254.96510465699572,
                            "children": {
                                "SubprocessEnvManager._take_step": {
                                    "total": 23.125726402001433,
                                    "count": 30668,
                                    "self": 0.8025073160035738,
                                    "children": {
                                        "TorchPolicy.evaluate": {
                                            "total": 22.32321908599786,
                                            "count": 28967,
                                            "self": 22.32321908599786
                                        }
                                    }
                                },