{
    "name": "root",
    "gauges": {
        "HoleObservationMultiple.Policy.Entropy.mean": {
            "value": 0.7676340937614441,
            "min": 0.7676340937614441,
            "max": 1.4060235023498535,
            "count": 53
        },
        "HoleObservationMultiple.Policy.Entropy.sum": {
            "value": 76729.6328125,
            "min": 76729.6328125,
            "max": 140771.078125,
            "count": 53
        },
        "HoleObservationMultiple.Environment.EpisodeLength.mean": {
            "value": 95.61411992263056,
            "min": 34.42547906316536,
            "max": 1930.950819672131,
            "count": 53
        },
        "HoleObservationMultiple.Environment.EpisodeLength.sum": {
            "value": 98865.0,
            "min": 75817.0,
            "max": 117825.0,
            "count": 53
        },
        "HoleObservationMultiple.achieved_checkpoints.mean": {
            "value": 161.321083172147,
            "min": 28.31405251951739,
            "max": 161.75,
            "count": 53
        },
        "HoleObservationMultiple.achieved_checkpoints.sum": {
            "value": 166806.0,
            "min": 5335.0,
            "max": 231731.0,
            "count": 53
        },
        "HoleObservationMultiple.progress_norm.mean": {
            "value": 0.7498875730013479,
            "min": 0.13170614536928318,
            "max": 0.7521939720999409,
            "count": 53
        },
        "HoleObservationMultiple.progress_norm.sum": {
            "value": 775.3837504833937,
            "min": 24.81595316529274,
            "max": 1075.9157468527555,
            "count": 53
        },
        "HoleObservationMultiple.Step.mean": {
            "value": 5299937.0,
            "min": 99997.0,
            "max": 5299937.0,
            "count": 53
        },
        "HoleObservationMultiple.Step.sum": {
            "value": 5299937.0,
            "min": 99997.0,
            "max": 5299937.0,
            "count": 53
        },
        "HoleObservationMultiple.Policy.ExtrinsicValueEstimate.mean": {
            "value": 1.0621337890625,
            "min": 0.07749343663454056,
            "max": 1.2527294158935547,
            "count": 53
        },
        "HoleObservationMultiple.Policy.ExtrinsicValueEstimate.sum": {
            "value": 2137.01318359375,
            "min": 123.5245361328125,
            "max": 2974.8857421875,
            "count": 53
        },
        "HoleObservationMultiple.Environment.CumulativeReward.mean": {
            "value": 4.875069507096315,
            "min": 0.9742510957227403,
            "max": 4.880669971024986,
            "count": 53
        },
        "HoleObservationMultiple.Environment.CumulativeReward.sum": {
            "value": 5040.82187033759,
            "min": 104.97709977161139,
            "max": 7039.031643649214,
            "count": 53
        },
        "HoleObservationMultiple.Policy.ExtrinsicReward.mean": {
            "value": 4.875069507096315,
            "min": 0.9742510957227403,
            "max": 4.880669971024986,
            "count": 53
        },
        "HoleObservationMultiple.Policy.ExtrinsicReward.sum": {
            "value": 5040.82187033759,
            "min": 104.97709977161139,
            "max": 7039.031643649214,
            "count": 53
        },
        "HoleObservationMultiple.Losses.PolicyLoss.mean": {
            "value": 0.025168920019253464,
            "min": 0.02174128879905092,
            "max": 0.026632101360009985,
            "count": 53
        },
        "HoleObservationMultiple.Losses.PolicyLoss.sum": {
            "value": 0.25168920019253466,
            "min": 0.19567159919145827,
            "max": 0.26632101360009985,
            "count": 53
        },
        "HoleObservationMultiple.Losses.ValueLoss.mean": {
            "value": 0.02623047605467339,
            "min": 0.0008361083566881091,
            "max": 0.14261867688209923,
            "count": 53
        },
        "HoleObservationMultiple.Losses.ValueLoss.sum": {
            "value": 0.2623047605467339,
            "min": 0.007524975210192982,
            "max": 1.3489964383343855,
            "count": 53
        },
        "HoleObservationMultiple.Policy.LearningRate.mean": {
            "value": 0.0002842410314954015,
            "min": 0.0002842410314954015,
            "max": 0.00029984596671647074,
            "count": 53
        },
        "HoleObservationMultiple.Policy.LearningRate.sum": {
            "value": 0.002842410314954015,
            "min": 0.0025663475142143175,
            "max": 0.0029955328964443636,
            "count": 53
        },
        "HoleObservationMultiple.Policy.Epsilon.mean": {
            "value": 0.19474700874747009,
            "min": 0.19474700874747009,
            "max": 0.19994865555504215,
            "count": 53
        },
        "HoleObservationMultiple.Policy.Epsilon.sum": {
            "value": 1.9474700874747009,
            "min": 1.7554491565544916,
            "max": 1.9985109649851096,
            "count": 53
        },
        "HoleObservationMultiple.Policy.Beta.mean": {
            "value": 0.004737875736498759,
            "min": 0.004737875736498759,
            "max": 0.004997437912196602,
            "count": 53
        },
        "HoleObservationMultiple.Policy.Beta.sum": {
            "value": 0.04737875736498758,
            "min": 0.04277691291206913,
            "max": 0.04992569715275698,
            "count": 53
        },
        "HoleObservationMultiple.IsTraining.mean": {
            "value": 1.0,
            "min": 1.0,
            "max": 1.0,
            "count": 53
        },
        "HoleObservationMultiple.IsTraining.sum": {
            "value": 1.0,
            "min": 1.0,
            "max": 1.0,
            "count": 53
        }
    },
    "metadata": {
        "timer_format_version": "0.1.0",
        "start_time_seconds": "1755511471",
        "python_version": "3.9.6 (default, Mar 12 2025, 20:22:46) \n[Clang 17.0.0 (clang-1700.0.13.3)]",
        "command_line_arguments": "/Users/maximilian/.local/share/virtualenvs/config-WKQoqqDy/bin/mlagents-learn configuration.yaml --run-id=50kSteps0.15Reward025Interpolation0.0001Time512Hidden3Layers",
        "mlagents_version": "0.30.0",
        "mlagents_envs_version": "0.30.0",
        "communication_protocol_version": "1.5.0",
        "pytorch_version": "1.11.0",
        "numpy_version": "1.21.2",
        "end_time_seconds": "1755522918"
    },
    "total": 11447.539209166,
    "count": 1,
    "self": 0.0033967910003411816,
    "children": {
        "run_training.setup": {
            "total": 0.01717637499999991,
            "count": 1,
            "self": 0.01717637499999991
        },
        "TrainerController.start_learning": {
            "total": 11447.518635999999,
            "count": 1,
            "self": 11.30340505967979,
            "children": {
                "TrainerController._reset_env": {
                    "total": 22.972901167000003,
                    "count": 1,
                    "self": 22.972901167000003
                },
                "TrainerController.advance": {
                    "total": 11413.174300565319,
                    "count": 1394014,
                    "self": 11.0139445037712,
                    "children": {
                        "env_step": {
                            "total": 10704.0587625819,
                            "count": 1394014,
                            "self": 10329.767232781507,
                            "children": {
                                "SubprocessEnvManager._take_step": {
                                    "total": 366.5849109740826,
                                    "count": 1394014,
                                    "self": 25.355087373987317,
                                    "children": {
                                        "TorchPolicy.evaluate": {
                                            "total": 341.2298236000953,