{
    "name": "root",
    "gauges": {
        "HoleObservationMultiple.Policy.Entropy.mean": {
            "value": 1.2274000644683838,
            "min": 1.2274000644683838,
            "max": 1.4010474681854248,
            "count": 9
        },
        "HoleObservationMultiple.Policy.Entropy.sum": {
            "value": 122818.5625,
            "min": 122818.5625,
            "max": 140172.0,
            "count": 9
        },
        "HoleObservationMultiple.Environment.EpisodeLength.mean": {
            "value": 107.10799136069114,
            "min": 26.775895584559844,
            "max": 112.65454545454546,
            "count": 9
        },
        "HoleObservationMultiple.Environment.EpisodeLength.sum": {
            "value": 99182.0,
            "min": 96420.0,
            "max": 99228.0,
            "count": 9
        },
        "HoleObservationMultiple.achieved_checkpoints.mean": {
            "value": 59.672786177105834,
            "min": 28.74312690919189,
            "max": 60.2099886492622,
            "count": 9
        },
        "HoleObservationMultiple.achieved_checkpoints.sum": {
            "value": 55257.0,
            "min": 51600.0,
            "max": 103504.0,
            "count": 9
        },
        "HoleObservationMultiple.progress_norm.mean": {
            "value": 0.27748161255025966,
            "min": 0.1336965412367006,
            "max": 0.28002510213892523,
            "count": 9
        },
        "HoleObservationMultiple.progress_norm.sum": {
            "value": 256.94797322154045,
            "min": 240.01238200068474,
            "max": 481.44124499335885,
            "count": 9
        },
        "HoleObservationMultiple.Step.mean": {
            "value": 899996.0,
            "min": 99991.0,
            "max": 899996.0,
            "count": 9
        },
        "HoleObservationMultiple.Step.sum": {
            "value": 899996.0,
            "min": 99991.0,
            "max": 899996.0,
            "count": 9
        },
        "HoleObservationMultiple.Policy.ExtrinsicValueEstimate.mean": {
            "value": 1.344491720199585,
            "min": 1.2793246507644653,
            "max": 3.393538475036621,
            "count": 9
        },
        "HoleObservationMultiple.Policy.ExtrinsicValueEstimate.sum": {
            "value": 2781.75341796875,
            "min": 2585.51513671875,
            "max": 13224.619140625,
            "count": 9
        },
        "HoleObservationMultiple.Environment.CumulativeReward.mean": {
            "value": 17.015191070306,
            "min": 9.091904781297652,
            "max": 17.072950317390443,
            "count": 9
        },
        "HoleObservationMultiple.Environment.CumulativeReward.sum": {
            "value": 15756.066931103356,
            "min": 14450.968932952732,
            "max": 32721.76530789025,
            "count": 9
        },
        "HoleObservationMultiple.Policy.ExtrinsicReward.mean": {
            "value": 17.015191070306,
            "min": 9.091904781297652,
            "max": 17.072950317390443,
            "count": 9
        },
        "HoleObservationMultiple.Policy.ExtrinsicReward.sum": {
            "value": 15756.066931103356,
            "min": 14450.968932952732,
            "max": 32721.76530789025,
            "count": 9
        },
        "HoleObservationMultiple.Losses.PolicyLoss.mean": {
            "value": 0.023780279328736165,
            "min": 0.02218598981931185,
            "max": 0.026220878499249617,
            "count": 9
        },
        "HoleObservationMultiple.Losses.PolicyLoss.sum": {
            "value": 0.23780279328736165,
            "min": 0.20409484345000237,
            "max": 0.26220878499249617,
            "count": 9
        },
        "HoleObservationMultiple.Losses.ValueLoss.mean": {
            "value": 0.5002739369869234,
            "min": 0.5002739369869234,
            "max": 1.4047064904813413,
            "count": 9
        },
        "HoleObservationMultiple.Losses.ValueLoss.sum": {
            "value": 5.002739369869233,
            "min": 5.002739369869233,
            "max": 12.642358414332072,
            "count": 9
        },
        "HoleObservationMultiple.Policy.LearningRate.mean": {
            "value": 0.0002974593548214755,
            "min": 0.0002974593548214755,
            "max": 0.00029984620038306186,
            "count": 9
        },
        "HoleObservationMultiple.Policy.LearningRate.sum": {
            "value": 0.002974593548214755,
            "min": 0.002679768033541671,
            "max": 0.0029955402194419955,
            "count": 9
        },
        "HoleObservationMultiple.Policy.Epsilon.mean": {
            "value": 0.19915311799153118,
            "min": 0.19915311799153118,
            "max": 0.19994873344393183,
            "count": 9
        },
        "HoleObservationMultiple.Policy.Epsilon.sum": {
            "value": 1.9915311799153117,
            "min": 1.7932560089325602,
            "max": 1.9985134059851344,
            "count": 9
        },
        "HoleObservationMultiple.Policy.Beta.mean": {
            "value": 0.004957740587777406,
            "min": 0.004957740587777406,
            "max": 0.0049974417988521945,
            "count": 9
        },
        "HoleObservationMultiple.Policy.Beta.sum": {
            "value": 0.04957740587777406,
            "min": 0.04466347484573474,
            "max": 0.04992581895865819,
            "count": 9
        },
        "HoleObservationMultiple.IsTraining.mean": {
            "value": 1.0,
            "min": 1.0,
            "max": 1.0,
            "count": 9
        },
        "HoleObservationMultiple.IsTraining.sum": {
            "value": 1.0,
            "min": 1.0,
            "max": 1.0,
            "count": 9
        }
    },
    "metadata": {
        "timer_format_version": "0.1.0",
        "start_time_seconds": "1755538148",
        "python_version": "3.9.6 (default, Mar 12 2025, 20:22:46) \n[Clang 17.0.0 (clang-1700.0.13.3)]",
        "command_line_arguments": "/Users/maximilian/.local/share/virtualenvs/config-WKQoqqDy/bin/mlagents-learn configuration.yaml --run-id=50kSteps1.5Reward025Interpolation0.005Time0.5HolePunish6MaxSeconds512Hidden3Layers",
        "mlagents_version": "0.30.0",
        "mlagents_envs_version": "0.30.0",
        "communication_protocol_version": "1.5.0",
        "pytorch_version": "1.11.0",
        "numpy_version": "1.21.2",
        "end_time_seconds": "1755540826"
    },
    "total": 2677.940810791,
    "count": 1,
    "self": 1.0409282909995454,
    "children": {
        "run_training.setup": {
            "total": 0.017496500000000026,
            "count": 1,
            "self": 0.017496500000000026
        },
        "TrainerController.start_learning": {
            "total": 2676.882386,
            "count": 1,
            "self": 2.036754239050424,
            "children": {
                "TrainerController._reset_env": {
                    "total": 5.547951208,
                    "count": 1,
                    "self": 5.547951208
                },
                "TrainerController.advance": {
                    "total": 2669.25116992695,
                    "count": 241387,
                    "self": 1.8849314598878664,
                    "children": {
                        "env_step": {
                            "total": 2549.053376862068,
                            "count": 241387,
                            "self": 2484.0945318919876,
                            "children": {
                                "SubprocessEnvManager._take_step": {
                                    "total": 63.614196265044924,
                                    "count": 241387,
                                    "self": 4.379513876010819,
                                    "children": {
                                        "TorchPolicy.evaluate": {
                                            "total": 59.234682389034106,