{
    "name": "root",
    "gauges": {
        "DiffV2Agent.Policy.Entropy.mean": {
            "value": 1.4159048795700073,
            "min": 1.4159048795700073,
            "max": 1.4278717041015625,
            "count": 5
        },
        "DiffV2Agent.Policy.Entropy.sum": {
            "value": 70803.7421875,
            "min": 70803.7421875,
            "max": 71395.015625,
            "count": 5
        },
        "DiffV2Agent.Environment.EpisodeLength.mean": {
            "value": 159.17252396166134,
            "min": 53.74618736383442,
            "max": 159.17252396166134,
            "count": 5
        },
        "DiffV2Agent.Environment.EpisodeLength.sum": {
            "value": 49821.0,
            "min": 48844.0,
            "max": 49821.0,
            "count": 5
        },
        "DiffV2Agent.Step.mean": {
            "value": 249984.0,
            "min": 49952.0,
            "max": 249984.0,
            "count": 5
        },
        "DiffV2Agent.Step.sum": {
            "value": 249984.0,
            "min": 49952.0,
            "max": 249984.0,
            "count": 5
        },
        "DiffV2Agent.Policy.ExtrinsicValueEstimate.mean": {
            "value": -0.15986905992031097,
            "min": -0.15986905992031097,
            "max": 0.11610002815723419,
            "count": 5
        },
        "DiffV2Agent.Policy.ExtrinsicValueEstimate.sum": {
            "value": -157.63088989257812,
            "min": -157.63088989257812,
            "max": 157.431640625,
            "count": 5
        },
        "DiffV2Agent.Environment.CumulativeReward.mean": {
            "value": -0.005208120083275695,
            "min": -0.03184383907178535,
            "max": 0.35258598577369143,
            "count": 5
        },
        "DiffV2Agent.Environment.CumulativeReward.sum": {
            "value": -1.6301415860652924,
            "min": -10.06265314668417,
            "max": 323.6739349402487,
            "count": 5
        },
        "DiffV2Agent.Policy.ExtrinsicReward.mean": {
            "value": -0.005208120083275695,
            "min": -0.03184383907178535,
            "max": 0.35258598577369143,
            "count": 5
        },
        "DiffV2Agent.Policy.ExtrinsicReward.sum": {
            "value": -1.6301415860652924,
            "min": -10.06265314668417,
            "max": 323.6739349402487,
            "count": 5
        },
        "DiffV2Agent.Losses.PolicyLoss.mean": {
            "value": 0.02458464972830067,
            "min": 0.022033411183704932,
            "max": 0.024837847132390983,
            "count": 5
        },
        "DiffV2Agent.Losses.PolicyLoss.sum": {
            "value": 0.12292324864150335,
            "min": 0.09109844801520618,
            "max": 0.12418923566195492,
            "count": 5
        },
        "DiffV2Agent.Losses.ValueLoss.mean": {
            "value": 0.004516676051231723,
            "min": 0.004516676051231723,
            "max": 0.0752998402963082,
            "count": 5
        },
        "DiffV2Agent.Losses.ValueLoss.sum": {
            "value": 0.022583380256158612,
            "min": 0.022583380256158612,
            "max": 0.3011993611852328,
            "count": 5
        },
        "DiffV2Agent.Policy.LearningRate.mean": {
            "value": 0.0002993224220190836,
            "min": 0.0002993224220190836,
            "max": 0.00029992294577491416,
            "count": 5
        },
        "DiffV2Agent.Policy.LearningRate.sum": {
            "value": 0.001496612110095418,
            "min": 0.0011996917830996566,
            "max": 0.0014989224933483936,
            "count": 5
        },
        "DiffV2Agent.Policy.Epsilon.mean": {
            "value": 0.19977414059774146,
            "min": 0.19977414059774146,
            "max": 0.19997431524974316,
            "count": 5
        },
        "DiffV2Agent.Policy.Epsilon.sum": {
            "value": 0.9988707029887073,
            "min": 0.7998972609989726,
            "max": 0.9996408309964083,
            "count": 5
        },
        "DiffV2Agent.Policy.Beta.mean": {
            "value": 0.004988729615827295,
            "min": 0.004988729615827295,
            "max": 0.004998718330962184,
            "count": 5
        },
        "DiffV2Agent.Policy.Beta.sum": {
            "value": 0.024943648079136477,
            "min": 0.019994873323848736,
            "max": 0.024982077466720775,
            "count": 5
        },
        "DiffV2Agent.IsTraining.mean": {
            "value": 1.0,
            "min": 1.0,
            "max": 1.0,
            "count": 5
        },
        "DiffV2Agent.IsTraining.sum": {
            "value": 1.0,
            "min": 1.0,
            "max": 1.0,
            "count": 5
        }
    },
    "metadata": {
        "timer_format_version": "0.1.0",
        "start_time_seconds": "1754863258",
        "python_version": "3.9.6 (default, Mar 12 2025, 20:22:46) \n[Clang 17.0.0 (clang-1700.0.13.3)]",
        "command_line_arguments": "/Users/maximilian/.local/share/virtualenvs/config-WKQoqqDy/bin/mlagents-learn configuration.yaml --run-id=SingleTrainingTimeNegativeBack",
        "mlagents_version": "0.30.0",
        "mlagents_envs_version": "0.30.0",
        "communication_protocol_version": "1.5.0",
        "pytorch_version": "1.11.0",
        "numpy_version": "1.21.2",
        "end_time_seconds": "1754864267"
    },
    "total": 1008.4454610419999,
    "count": 1,
    "self": 0.002642374999823005,
    "children": {
        "run_training.setup": {
            "total": 0.019341916999999986,
            "count": 1,
            "self": 0.019341916999999986
        },
        "TrainerController.start_learning": {
            "total": 1008.4234767500001,
            "count": 1,
            "self": 2.061249160017269,
            "children": {
                "TrainerController._reset_env": {
                    "total": 18.884297083,
                    "count": 1,
                    "self": 18.884297083
                },
                "TrainerController.advance": {
                    "total": 987.4026028819828,
                    "count": 272527,
                    "self": 1.950486674002832,
                    "children": {
                        "env_step": {
                            "total": 956.7300497719939,
                            "count": 272527,
                            "self": 913.6662103620373,
                            "children": {
                                "SubprocessEnvManager._take_step": {
                                    "total": 41.70511282696327,
                                    "count": 272527,
                                    "self": 4.438825232968206,
                                    "children": {
                                        "TorchPolicy.evaluate": {
                                            "total": 37.26628759399507,
                                            "count": 270211,
                                            "self": 37.26628759399507
                                        }
                                    }
                                },
                                "workers": {
                                    "total": 1.3587265829932882,
                                    "count": 272526,
                                    "self": 0.0,
                                    "children": {
                                        "worker_root": {
                                            "total": 925.3258537850317,
                                            "count": 272526,
                                            "is_parallel": true,
                                            "self": 150.99965762101954,
                                            "children": {
                                                "steps_from_proto": {
                                                    "total": 0.00019441600000291714,
                                                    "count": 1,