{
    "name": "root",
    "gauges": {
        "SimpleLevel.Policy.Entropy.mean": {
            "value": 4.027390003204346,
            "min": 1.4296753406524658,
            "max": 4.027390003204346,
            "count": 76
        },
        "SimpleLevel.Policy.Entropy.sum": {
            "value": 401450.21875,
            "min": 143104.78125,
            "max": 401450.21875,
            "count": 76
        },
        "SimpleLevel.Environment.EpisodeLength.mean": {
            "value": 259.63254593175856,
            "min": 38.09734167318217,
            "max": 272.85792349726773,
            "count": 76
        },
        "SimpleLevel.Environment.EpisodeLength.sum": {
            "value": 98920.0,
            "min": 97453.0,
            "max": 100587.0,
            "count": 76
        },
        "SimpleLevel.achieved_checkpoints.mean": {
            "value": 226.75590551181102,
            "min": 26.28608470181504,
            "max": 235.86338797814207,
            "count": 76
        },
        "SimpleLevel.achieved_checkpoints.sum": {
            "value": 86394.0,
            "min": 30413.0,
            "max": 111285.0,
            "count": 76
        },
        "SimpleLevel.progress_norm.mean": {
            "value": 0.42582397306645947,
            "min": 0.04939356154261935,
            "max": 0.44335349784817935,
            "count": 76
        },
        "SimpleLevel.progress_norm.sum": {
            "value": 162.23893373832107,
            "min": 57.14835070481058,
            "max": 208.8218906261027,
            "count": 76
        },
        "SimpleLevel.Step.mean": {
            "value": 7599962.0,
            "min": 99951.0,
            "max": 7599962.0,
            "count": 76
        },
        "SimpleLevel.Step.sum": {
            "value": 7599962.0,
            "min": 99951.0,
            "max": 7599962.0,
            "count": 76
        },
        "SimpleLevel.Policy.ExtrinsicValueEstimate.mean": {
            "value": 4.137015342712402,
            "min": 0.33508026599884033,
            "max": 4.259576320648193,
            "count": 76
        },
        "SimpleLevel.Policy.ExtrinsicValueEstimate.sum": {
            "value": 2560.8125,
            "min": 389.36328125,
            "max": 3962.50439453125,
            "count": 76
        },
        "SimpleLevel.Environment.CumulativeReward.mean": {
            "value": 18.328708874617572,
            "min": 1.3992051010609807,
            "max": 19.069116071764736,
            "count": 76
        },
        "SimpleLevel.Environment.CumulativeReward.sum": {
            "value": 7001.566790103912,
            "min": 1617.4810968264937,
            "max": 9441.6103566885,
            "count": 76
        },
        "SimpleLevel.Policy.ExtrinsicReward.mean": {
            "value": 18.328708874617572,
            "min": 1.3992051010609807,
            "max": 19.069116071764736,
            "count": 76
        },
        "SimpleLevel.Policy.ExtrinsicReward.sum": {
            "value": 7001.566790103912,
            "min": 1617.4810968264937,
            "max": 9441.6103566885,
            "count": 76
        },
        "SimpleLevel.Losses.PolicyLoss.mean": {
            "value": 0.025485756100129542,
            "min": 0.022933354299069227,
            "max": 0.027317977572480837,
            "count": 76
        },
        "SimpleLevel.Losses.PolicyLoss.sum": {
            "value": 0.07645726830038863,
            "min": 0.045866708598138455,
            "max": 0.08153704629318478,
            "count": 76
        },
        "SimpleLevel.Losses.ValueLoss.mean": {
            "value": 0.6891039498978192,
            "min": 0.08116874882123537,
            "max": 0.6891039498978192,
            "count": 76
        },
        "SimpleLevel.Losses.ValueLoss.sum": {
            "value": 2.0673118496934575,
            "min": 0.1832485513140758,
            "max": 2.0673118496934575,
            "count": 76
        },
        "SimpleLevel.Policy.LearningRate.mean": {
            "value": 0.000277338836327112,
            "min": 0.000277338836327112,
            "max": 0.0002998152000597519,
            "count": 76
        },
        "SimpleLevel.Policy.LearningRate.sum": {
            "value": 0.000832016508981336,
            "min": 0.0005552950494546055,
            "max": 0.0008977850827161569,
            "count": 76
        },
        "SimpleLevel.Policy.Epsilon.mean": {
            "value": 0.19244627625779612,
            "min": 0.19244627625779612,
            "max": 0.199938399999384,
            "count": 76
        },
        "SimpleLevel.Policy.Epsilon.sum": {
            "value": 0.5773388287733884,
            "min": 0.38509834485098343,
            "max": 0.5992616939926169,
            "count": 76
        },
        "SimpleLevel.Policy.Beta.mean": {
            "value": 0.04622389350127226,
            "min": 0.04622389350127226,
            "max": 0.04996920615969207,
            "count": 76
        },
        "SimpleLevel.Policy.Beta.sum": {
            "value": 0.13867168050381679,
            "min": 0.09255066259100664,
            "max": 0.1496309208269092,
            "count": 76
        },
        "SimpleLevel.IsTraining.mean": {
            "value": 1.0,
            "min": 1.0,
            "max": 1.0,
            "count": 76
        },
        "SimpleLevel.IsTraining.sum": {
            "value": 1.0,
            "min": 1.0,
            "max": 1.0,
            "count": 76
        }
    },
    "metadata": {
        "timer_format_version": "0.1.0",
        "start_time_seconds": "1757760928",
        "python_version": "3.9.6 (default, Mar 12 2025, 20:22:46) \n[Clang 17.0.0 (clang-1700.0.13.3)]",
        "command_line_arguments": "/Users/maximilian/.local/share/virtualenvs/config-6tAeTmUk/bin/mlagents-learn configuration_simple.yaml --run-id=Milestones_8-MilestonePay_1-HolePunishment_0.2-Reward_0.5-Decision_3-Beta_0.05-StackedVectors_10-Boards_4-Tiltspeed_90-Batch_1024-Buffer_40960-HiddenUnits_1024-RayCount_8-RayDistance_4",
        "mlagents_version": "0.30.0",
        "mlagents_envs_version": "0.30.0",
        "communication_protocol_version": "1.5.0",
        "pytorch_version": "1.11.0",
        "numpy_version": "1.21.2",
        "end_time_seconds": "1757784964"
    },
    "total": 24036.601917708,
    "count": 1,
    "self": 0.0032492080026713666,
    "children": {
        "run_training.setup": {
            "total": 0.01842529199999987,
            "count": 1,
            "self": 0.01842529199999987
        },
        "TrainerController.start_learning": {
            "total": 24036.580243207998,
            "count": 1,
            "self": 15.783439381790231,
            "children": {
                "TrainerController._reset_env": {
                    "total": 5.6414035,
                    "count": 1,
                    "self": 5.6414035
                },
                "TrainerController.advance": {
                    "total": 24014.977328909205,
                    "count": 1944941,
                    "self": 14.52671944755275,
                    "children": {
                        "env_step": {
                            "total": 22497.29406635223,
                            "count": 1944941,
                            "self": 21324.24254012253,
                            "children": {
                                "SubprocessEnvManager._take_step": {
                                    "total": 1162.7597542789752,
                                    "count": 1944941,
                                    "self": 49.481662523179466,
                                    "children": {
                                        "TorchPolicy.evaluate": {
                                            "total": 1113.2780917557957,
                                            "count": 1906154,