{
    "name": "root",
    "metadata": {
        "timer_format_version": "0.1.0",
        "start_time_seconds": "1756053061",
        "python_version": "3.9.6 (default, Mar 12 2025, 20:22:46) \n[Clang 17.0.0 (clang-1700.0.13.3)]",
        "command_line_arguments": "/Users/maximilian/.local/share/virtualenvs/config-6tAeTmUk/bin/mlagents-learn configuration.yaml --run-id=SVGNewRaycast",
        "mlagents_version": "0.30.0",
        "mlagents_envs_version": "0.30.0",
        "communication_protocol_version": "1.5.0",
        "pytorch_version": "1.11.0",
        "numpy_version": "1.21.2",
        "end_time_seconds": "1756053247"
    },
    "total": 185.655815834,
    "count": 1,
    "self": 0.0036076270000080513,
    "children": {
        "run_training.setup": {
            "total": 0.020165790999999933,
            "count": 1,
            "self": 0.020165790999999933
        },
        "TrainerController.start_learning": {
            "total": 185.632042416,
            "count": 1,
            "self": 0.16495964099965477,
            "children": {
                "TrainerController._reset_env": {
                    "total": 3.9806792919999996,
                    "count": 1,
                    "self": 3.9806792919999996
                },
                "TrainerController.advance": {
                    "total": 181.33648352500035,
                    "count": 21823,
                    "self": 0.1498239410014719,
                    "children": {
                        "env_step": {
                            "total": 178.31101764099958,
                            "count": 21823,
                            "self": 173.9790611839985,
                            "children": {
                                "SubprocessEnvManager._take_step": {
                                    "total": 4.2250227240008424,
                                    "count": 21823,
                                    "self": 0.3688682040016156,
                                    "children": {
                                        "TorchPolicy.evaluate": {
                                            "total": 3.856154519999227,
                                            "count": 21574,
                                            "self": 3.856154519999227
                                        }
                                    }
                                },
                                "workers": {
                                    "total": 0.10693373300023001,
                                    "count": 21822,
                                    "self": 0.0,
                                    "children": {
                                        "worker_root": {
                                            "total": 120.14064026000005,
                                            "count": 21822,
                                            "is_parallel": true,
                                            "self": 13.63098176199911,
                                            "children": {
                                                "steps_from_proto": {
                                                    "total": 0.00038899999999975066,
                                                    "count": 1,
                                                    "is_parallel": true,
                                                    "self": 0.0001608749999997272,
                                                    "children": {
                                                        "_process_rank_one_or_two_observation": {
                                                            "total": 0.00022812500000002345,
                                                            "count": 2,
                                                            "is_parallel": true,
                                                            "self": 0.00022812500000002345
                                                        }
                                                    }
                                                },
                                                "UnityEnvironment.step": {
                                                    "total": 106.50926949800095,
                                                    "count": 21822,
                                                    "is_parallel": true,
                                                    "self": 0.4635693770006526,
                                                    "children": {
                                                        "UnityEnvironment._generate_step_input": {
                                                            "total": 1.0858532030000045,
                                                            "count": 21822,
                                                            "is_parallel": true,
                                                            "self": 1.0858532030000045
                                                        },
                                                        "communicator.exchange": {
                                                            "total": 103.59681633900006,
                                                            "count": 21822,
                                                            "is_parallel": true,
                                                            "self": 103.59681633900006
                                                        },
                                                        "steps_from_proto": {
                                                            "total": 1.3630305790002373,
                                                            "count": 21822,
                                                            "is_parallel": true,
                                                            "self": 0.6813385999987052,
                                                            "children": {
                                                                "_process_rank_one_or_two_observation": {
                                                                    "total": 0.6816919790015321,
                                                                    "count": 43644,
                                                                    "is_parallel": true,
                                                                    "self": 0.6816919790015321
                                                                }
                                                            }
                                                        }
                                                    }
                                                }
                                            }
                                        }
                                    }
                                }
                            }
                        },
                        "trainer_advance": {
                            "total": 2.8756419429992883,
                            "count": 21822,
                            "self": 0.18576476599970881,
                            "children": {
                                "process_trajectory": {
                                    "total": 0.6725617609995842,
                                    "count": 21822,
                                    "self": 0.6725617609995842
                                },
                                "_update_policy": {
                                    "total": 2.0173154159999953,
                                    "count": 2,
                                    "self": 1.2617778749999502,
                                    "children": {
                                        "TorchPPOOptimizer.update": {
                                            "total": 0.7555375410000451,
                                            "count": 60,