{
    "name": "root",
    "gauges": {
        "SimpleLevel.Policy.Entropy.mean": {
            "value": 7.053131103515625,
            "min": 1.439749002456665,
            "max": 7.053131103515625,
            "count": 117
        },
        "SimpleLevel.Policy.Entropy.sum": {
            "value": 705595.25,
            "min": 144078.5625,
            "max": 705595.25,
            "count": 117
        },
        "SimpleLevel.Environment.EpisodeLength.mean": {
            "value": 279.0196629213483,
            "min": 35.74457919882396,
            "max": 366.3874538745387,
            "count": 117
        },
        "SimpleLevel.Environment.EpisodeLength.sum": {
            "value": 99331.0,
            "min": 97261.0,
            "max": 100862.0,
            "count": 117
        },
        "SimpleLevel.achieved_checkpoints.mean": {
            "value": 253.03370786516854,
            "min": 29.994395142456796,
            "max": 315.93357933579335,
            "count": 117
        },
        "SimpleLevel.achieved_checkpoints.sum": {
            "value": 90080.0,
            "min": 64218.0,
            "max": 111831.0,
            "count": 117
        },
        "SimpleLevel.progress_norm.mean": {
            "value": 0.47550394470813906,
            "min": 0.056429991283213014,
            "max": 0.5941484466992402,
            "count": 117
        },
        "SimpleLevel.progress_norm.sum": {
            "value": 169.2794043160975,
            "min": 120.81661133735906,
            "max": 210.01007629558444,
            "count": 117
        },
        "SimpleLevel.Step.mean": {
            "value": 11699768.0,
            "min": 99999.0,
            "max": 11699768.0,
            "count": 117
        },
        "SimpleLevel.Step.sum": {
            "value": 11699768.0,
            "min": 99999.0,
            "max": 11699768.0,
            "count": 117
        },
        "SimpleLevel.Policy.ExtrinsicValueEstimate.mean": {
            "value": 5.129042625427246,
            "min": 0.7484851479530334,
            "max": 5.3005571365356445,
            "count": 117
        },
        "SimpleLevel.Policy.ExtrinsicValueEstimate.sum": {
            "value": 3010.748046875,
            "min": 1603.2552490234375,
            "max": 3929.76318359375,
            "count": 117
        },
        "SimpleLevel.Environment.CumulativeReward.mean": {
            "value": 21.402574084594804,
            "min": 2.326253020025302,
            "max": 26.38346909787706,
            "count": 117
        },
        "SimpleLevel.Environment.CumulativeReward.sum": {
            "value": 7640.718948200345,
            "min": 4978.181462854147,
            "max": 9525.727107554674,
            "count": 117
        },
        "SimpleLevel.Policy.ExtrinsicReward.mean": {
            "value": 21.402574084594804,
            "min": 2.326253020025302,
            "max": 26.38346909787706,
            "count": 117
        },
        "SimpleLevel.Policy.ExtrinsicReward.sum": {
            "value": 7640.718948200345,
            "min": 4978.181462854147,
            "max": 9525.727107554674,
            "count": 117
        },
        "SimpleLevel.Losses.PolicyLoss.mean": {
            "value": 0.026213770001238486,
            "min": 0.022147487921174616,
            "max": 0.026697312329197302,
            "count": 117
        },
        "SimpleLevel.Losses.PolicyLoss.sum": {
            "value": 0.23592393001114637,
            "min": 0.20468721454575037,
            "max": 0.26697312329197304,
            "count": 117
        },
        "SimpleLevel.Losses.ValueLoss.mean": {
            "value": 0.9348847848397713,
            "min": 0.12368990402254794,
            "max": 0.962399626970291,
            "count": 117
        },
        "SimpleLevel.Losses.ValueLoss.sum": {
            "value": 8.413963063557942,
            "min": 1.1132091362029315,
            "max": 9.62399626970291,
            "count": 117
        },
        "SimpleLevel.Policy.LearningRate.mean": {
            "value": 0.00026504545230197424,
            "min": 0.00026504545230197424,
            "max": 0.0002998455530499378,
            "count": 117
        },
        "SimpleLevel.Policy.LearningRate.sum": {
            "value": 0.0023854090707177682,
            "min": 0.0023854090707177682,
            "max": 0.0029955300854452725,
            "count": 117
        },
        "SimpleLevel.Policy.Epsilon.mean": {
            "value": 0.18834848021681816,
            "min": 0.18834848021681816,
            "max": 0.19994851766615185,
            "count": 117
        },
        "SimpleLevel.Policy.Epsilon.sum": {
            "value": 1.6951363219513635,
            "min": 1.6951363219513635,
            "max": 1.9985100279851005,
            "count": 117
        },
        "SimpleLevel.Policy.Beta.mean": {
            "value": 0.044175405260387386,
            "min": 0.044175405260387386,
            "max": 0.04997426398130931,
            "count": 117
        },
        "SimpleLevel.Policy.Beta.sum": {
            "value": 0.39757864734348647,
            "min": 0.39757864734348647,
            "max": 0.49925516298975164,
            "count": 117
        },
        "SimpleLevel.IsTraining.mean": {
            "value": 1.0,
            "min": 1.0,
            "max": 1.0,
            "count": 117
        },
        "SimpleLevel.IsTraining.sum": {
            "value": 1.0,
            "min": 1.0,
            "max": 1.0,
            "count": 117
        }
    },
    "metadata": {
        "timer_format_version": "0.1.0",
        "start_time_seconds": "1757726149",
        "python_version": "3.9.6 (default, Mar 12 2025, 20:22:46) \n[Clang 17.0.0 (clang-1700.0.13.3)]",
        "command_line_arguments": "/Users/maximilian/.local/share/virtualenvs/config-6tAeTmUk/bin/mlagents-learn configuration_simple.yaml --run-id=Milestones_8-MilestonePay_1-HolePunishment_0.2-Reward_0.5-Decision_3-Beta_0.05-StackedVectors_10-Boards_4-Tiltspeed_90-Batch_1024-Buffer_10240-HiddenUnits_1024-RayCount_8-RayDistance_4",
        "mlagents_version": "0.30.0",
        "mlagents_envs_version": "0.30.0",
        "communication_protocol_version": "1.5.0",
        "pytorch_version": "1.11.0",
        "numpy_version": "1.21.2",
        "end_time_seconds": "1757760034"
    },
    "total": 33884.421483417,
    "count": 1,
    "self": 0.004014666999864858,
    "children": {
        "run_training.setup": {
            "total": 0.017350374999999918,
            "count": 1,
            "self": 0.017350374999999918
        },
        "TrainerController.start_learning": {
            "total": 33884.400118375,
            "count": 1,
            "self": 23.020322596283222,
            "children": {
                "TrainerController._reset_env": {
                    "total": 23.004475084,
                    "count": 1,
                    "self": 23.004475084
                },
                "TrainerController.advance": {
                    "total": 33838.25577998672,
                    "count": 2964794,
                    "self": 21.077394232946972,
                    "children": {
                        "env_step": {
                            "total": 31546.445055345914,
                            "count": 2964794,
                            "self": 29870.762612659822,
                            "children": {
                                "SubprocessEnvManager._take_step": {
                                    "total": 1661.3772130899447,
                                    "count": 2964794,
                                    "self": 65.74856563983008,
                                    "children": {
                                        "TorchPolicy.evaluate": {
                                            "total": 1595.6286474501146,
                                            "count": 2925851,