{
    "name": "root",
    "gauges": {
        "DiffV2Agent.Policy.Entropy.mean": {
            "value": 1.4271118640899658,
            "min": 1.4224638938903809,
            "max": 1.4271118640899658,
            "count": 2
        },
        "DiffV2Agent.Policy.Entropy.sum": {
            "value": 71341.3203125,
            "min": 71147.375,
            "max": 71341.3203125,
            "count": 2
        },
        "DiffV2Agent.Environment.EpisodeLength.mean": {
            "value": 31.230818826563507,
            "min": 31.230818826563507,
            "max": 84.3532423208191,
            "count": 2
        },
        "DiffV2Agent.Environment.EpisodeLength.sum": {
            "value": 48439.0,
            "min": 48439.0,
            "max": 49431.0,
            "count": 2
        },
        "DiffV2Agent.Step.mean": {
            "value": 99995.0,
            "min": 49999.0,
            "max": 99995.0,
            "count": 2
        },
        "DiffV2Agent.Step.sum": {
            "value": 99995.0,
            "min": 49999.0,
            "max": 99995.0,
            "count": 2
        },
        "DiffV2Agent.Policy.ExtrinsicValueEstimate.mean": {
            "value": 0.11695234477519989,
            "min": -0.20019330084323883,
            "max": 0.11695234477519989,
            "count": 2
        },
        "DiffV2Agent.Policy.ExtrinsicValueEstimate.sum": {
            "value": 221.15689086914062,
            "min": -220.41282653808594,
            "max": 221.15689086914062,
            "count": 2
        },
        "DiffV2Agent.Environment.CumulativeReward.mean": {
            "value": 0.6454406255888582,
            "min": -0.601714746747166,
            "max": 0.6454406255888582,
            "count": 2
        },
        "DiffV2Agent.Environment.CumulativeReward.sum": {
            "value": 1001.078410288319,
            "min": -352.00312684709206,
            "max": 1001.078410288319,
            "count": 2
        },
        "DiffV2Agent.Policy.ExtrinsicReward.mean": {
            "value": 0.6454406255888582,
            "min": -0.601714746747166,
            "max": 0.6454406255888582,
            "count": 2
        },
        "DiffV2Agent.Policy.ExtrinsicReward.sum": {
            "value": 1001.078410288319,
            "min": -352.00312684709206,
            "max": 1001.078410288319,
            "count": 2
        },
        "DiffV2Agent.Losses.PolicyLoss.mean": {
            "value": 0.026214666928475107,
            "min": 0.022815308077648904,
            "max": 0.026214666928475107,
            "count": 2
        },
        "DiffV2Agent.Losses.PolicyLoss.sum": {
            "value": 0.13107333464237553,
            "min": 0.09126123231059562,
            "max": 0.13107333464237553,
            "count": 2
        },
        "DiffV2Agent.Losses.ValueLoss.mean": {
            "value": 0.14915019234021504,
            "min": 0.09032928195471565,
            "max": 0.14915019234021504,
            "count": 2
        },
        "DiffV2Agent.Losses.ValueLoss.sum": {
            "value": 0.7457509617010752,
            "min": 0.3613171278188626,
            "max": 0.7457509617010752,
            "count": 2
        },
        "DiffV2Agent.Policy.LearningRate.mean": {
            "value": 0.0002997842742697513,
            "min": 0.0002997842742697513,
            "max": 0.00029992286852493914,
            "count": 2
        },
        "DiffV2Agent.Policy.LearningRate.sum": {
            "value": 0.0014989213713487565,
            "min": 0.0011996914740997565,
            "max": 0.0014989213713487565,
            "count": 2
        },
        "DiffV2Agent.Policy.Epsilon.mean": {
            "value": 0.19992809139928097,
            "min": 0.19992809139928097,
            "max": 0.19997428949974294,
            "count": 2
        },
        "DiffV2Agent.Policy.Epsilon.sum": {
            "value": 0.9996404569964048,
            "min": 0.7998971579989718,
            "max": 0.9996404569964048,
            "count": 2
        },
        "DiffV2Agent.Policy.Beta.mean": {
            "value": 0.009992816330788164,
            "min": 0.009992816330788164,
            "max": 0.009997431521024317,
            "count": 2
        },
        "DiffV2Agent.Policy.Beta.sum": {
            "value": 0.04996408165394082,
            "min": 0.03998972608409727,
            "max": 0.04996408165394082,
            "count": 2
        },
        "DiffV2Agent.IsTraining.mean": {
            "value": 1.0,
            "min": 1.0,
            "max": 1.0,
            "count": 2
        },
        "DiffV2Agent.IsTraining.sum": {
            "value": 1.0,
            "min": 1.0,
            "max": 1.0,
            "count": 2
        }
    },
    "metadata": {
        "timer_format_version": "0.1.0",
        "start_time_seconds": "1754870718",
        "python_version": "3.9.6 (default, Mar 12 2025, 20:22:46) \n[Clang 17.0.0 (clang-1700.0.13.3)]",
        "command_line_arguments": "/Users/maximilian/.local/share/virtualenvs/config-WKQoqqDy/bin/mlagents-learn configuration_test.yaml --run-id=Beta01Reward02NoPunishmentHole0StuckPunishment",
        "mlagents_version": "0.30.0",
        "mlagents_envs_version": "0.30.0",
        "communication_protocol_version": "1.5.0",
        "pytorch_version": "1.11.0",
        "numpy_version": "1.21.2",
        "end_time_seconds": "1754871253"
    },
    "total": 534.703553791,
    "count": 1,
    "self": 0.0025404990001334227,
    "children": {
        "run_training.setup": {
            "total": 0.017831208000000043,
            "count": 1,
            "self": 0.017831208000000043
        },
        "TrainerController.start_learning": {
            "total": 534.6831820839999,
            "count": 1,
            "self": 0.8129807120025134,
            "children": {
                "TrainerController._reset_env": {
                    "total": 21.2564625,
                    "count": 1,
                    "self": 21.2564625
                },
                "TrainerController.advance": {
                    "total": 512.5491332469974,
                    "count": 122863,
                    "self": 0.7895510689904199,
                    "children": {
                        "env_step": {
                            "total": 499.0175286820053,
                            "count": 122863,
                            "self": 481.6669990860206,
                            "children": {
                                "SubprocessEnvManager._take_step": {
                                    "total": 16.80020768399354,
                                    "count": 122864,
                                    "self": 1.7565645949998085,
                                    "children": {
                                        "TorchPolicy.evaluate": {
                                            "total": 15.043643088993733,
                                            "count": 120428,
                                            "self": 15.043643088993733
                                        }
                                    }
                                },
                                "workers": {
                                    "total": 0.5503219119911442,
                                    "count": 122862,
                                    "self": 0.0,
                                    "children": {
                                        "worker_root": {
                                            "total": 391.1809598690013,
                                            "count": 122862,
                                            "is_parallel": true,
                                            "self": 62.699625577001314,
                                            "children": {
                                                "steps_from_proto": {
                                                    "total": 0.00094670800000074,
                                                    "count": 2,