{
    "name": "root",
    "gauges": {
        "HoleObservationMultiple.Policy.Entropy.mean": {
            "value": 1.360126256942749,
            "min": 1.360126256942749,
            "max": 1.4007402658462524,
            "count": 2
        },
        "HoleObservationMultiple.Policy.Entropy.sum": {
            "value": 136001.75,
            "min": 136001.75,
            "max": 140135.65625,
            "count": 2
        },
        "HoleObservationMultiple.Environment.EpisodeLength.mean": {
            "value": 18.375702383259057,
            "min": 18.375702383259057,
            "max": 24.56569529652352,
            "count": 2
        },
        "HoleObservationMultiple.Environment.EpisodeLength.sum": {
            "value": 94837.0,
            "min": 94837.0,
            "max": 96101.0,
            "count": 2
        },
        "HoleObservationMultiple.achieved_checkpoints.mean": {
            "value": 32.57876380546406,
            "min": 25.90056237218814,
            "max": 32.57876380546406,
            "count": 2
        },
        "HoleObservationMultiple.achieved_checkpoints.sum": {
            "value": 168139.0,
            "min": 101323.0,
            "max": 168139.0,
            "count": 2
        },
        "HoleObservationMultiple.progress_norm.mean": {
            "value": 0.14926266296470933,
            "min": 0.11874282277324417,
            "max": 0.14926266296470933,
            "count": 2
        },
        "HoleObservationMultiple.progress_norm.sum": {
            "value": 770.3446035608649,
            "min": 464.5219226889312,
            "max": 770.3446035608649,
            "count": 2
        },
        "HoleObservationMultiple.Step.mean": {
            "value": 199994.0,
            "min": 99991.0,
            "max": 199994.0,
            "count": 2
        },
        "HoleObservationMultiple.Step.sum": {
            "value": 199994.0,
            "min": 99991.0,
            "max": 199994.0,
            "count": 2
        },
        "HoleObservationMultiple.Policy.ExtrinsicValueEstimate.mean": {
            "value": 4.546131610870361,
            "min": 3.017650842666626,
            "max": 4.546131610870361,
            "count": 2
        },
        "HoleObservationMultiple.Policy.ExtrinsicValueEstimate.sum": {
            "value": 23480.76953125,
            "min": 12251.662109375,
            "max": 23480.76953125,
            "count": 2
        },
        "HoleObservationMultiple.Environment.CumulativeReward.mean": {
            "value": 10.061612751832236,
            "min": 7.768912843650012,
            "max": 10.061612751832236,
            "count": 2
        },
        "HoleObservationMultiple.Environment.CumulativeReward.sum": {
            "value": 51927.98341220617,
            "min": 30384.218131515197,
            "max": 51927.98341220617,
            "count": 2
        },
        "HoleObservationMultiple.Policy.ExtrinsicReward.mean": {
            "value": 10.061612751832236,
            "min": 7.768912843650012,
            "max": 10.061612751832236,
            "count": 2
        },
        "HoleObservationMultiple.Policy.ExtrinsicReward.sum": {
            "value": 51927.98341220617,
            "min": 30384.218131515197,
            "max": 51927.98341220617,
            "count": 2
        },
        "HoleObservationMultiple.Losses.PolicyLoss.mean": {
            "value": 0.022426952857834595,
            "min": 0.022426952857834595,
            "max": 0.024174998005576154,
            "count": 2
        },
        "HoleObservationMultiple.Losses.PolicyLoss.sum": {
            "value": 0.22426952857834595,
            "min": 0.21757498205018538,
            "max": 0.22426952857834595,
            "count": 2
        },
        "HoleObservationMultiple.Losses.ValueLoss.mean": {
            "value": 0.48532581915458045,
            "min": 0.48532581915458045,
            "max": 1.1234981951890168,
            "count": 2
        },
        "HoleObservationMultiple.Losses.ValueLoss.sum": {
            "value": 4.853258191545804,
            "min": 4.853258191545804,
            "max": 10.111483756701151,
            "count": 2
        },
        "HoleObservationMultiple.Policy.LearningRate.mean": {
            "value": 0.00029955400274420574,
            "min": 0.00029955400274420574,
            "max": 0.00029984618971639867,
            "count": 2
        },
        "HoleObservationMultiple.Policy.LearningRate.sum": {
            "value": 0.0029955400274420574,
            "min": 0.002698615707447588,
            "max": 0.0029955400274420574,
            "count": 2
        },
        "HoleObservationMultiple.Policy.Epsilon.mean": {
            "value": 0.19985133419851336,
            "min": 0.19985133419851336,
            "max": 0.1999487298883762,
            "count": 2
        },
        "HoleObservationMultiple.Policy.Epsilon.sum": {
            "value": 1.9985133419851335,
            "min": 1.7995385689953858,
            "max": 1.9985133419851335,
            "count": 2
        },
        "HoleObservationMultiple.Policy.Beta.mean": {
            "value": 0.0049925815765058165,
            "min": 0.0049925815765058165,
            "max": 0.004997441621429972,
            "count": 2
        },
        "HoleObservationMultiple.Policy.Beta.sum": {
            "value": 0.04992581576505817,
            "min": 0.04497697459286974,
            "max": 0.04992581576505817,
            "count": 2
        },
        "HoleObservationMultiple.IsTraining.mean": {
            "value": 1.0,
            "min": 1.0,
            "max": 1.0,
            "count": 2
        },
        "HoleObservationMultiple.IsTraining.sum": {
            "value": 1.0,
            "min": 1.0,
            "max": 1.0,
            "count": 2
        }
    },
    "metadata": {
        "timer_format_version": "0.1.0",
        "start_time_seconds": "1756106997",
        "python_version": "3.9.6 (default, Mar 12 2025, 20:22:46) \n[Clang 17.0.0 (clang-1700.0.13.3)]",
        "command_line_arguments": "/Users/maximilian/.local/share/virtualenvs/config-6tAeTmUk/bin/mlagents-learn configuration.yaml --run-id=HoleMultiple",
        "mlagents_version": "0.30.0",
        "mlagents_envs_version": "0.30.0",
        "communication_protocol_version": "1.5.0",
        "pytorch_version": "1.11.0",
        "numpy_version": "1.21.2",
        "end_time_seconds": "1756107462"
    },
    "total": 465.12138079100004,
    "count": 1,
    "self": 10.00327687400005,
    "children": {
        "run_training.setup": {
            "total": 0.01766170899999997,
            "count": 1,
            "self": 0.01766170899999997
        },
        "TrainerController.start_learning": {
            "total": 455.100442208,
            "count": 1,
            "self": 0.4988605760028122,
            "children": {
                "TrainerController._reset_env": {
                    "total": 53.573119084,
                    "count": 1,
                    "self": 53.573119084
                },
                "TrainerController.advance": {
                    "total": 400.9614887559972,
                    "count": 75683,
                    "self": 0.46327860397406084,
                    "children": {
                        "env_step": {
                            "total": 366.4447244850101,
                            "count": 75683,
                            "self": 351.32524854100785,
                            "children": {
                                "SubprocessEnvManager._take_step": {
                                    "total": 14.782923154996986,
                                    "count": 75684,
                                    "self": 1.0159155300013722,
                                    "children": {
                                        "TorchPolicy.evaluate": {
                                            "total": 13.767007624995614,
                                            "count": 65568,