{
    "name": "root",
    "metadata": {
        "timer_format_version": "0.1.0",
        "start_time_seconds": "1754909117",
        "python_version": "3.9.6 (default, Mar 12 2025, 20:22:46) \n[Clang 17.0.0 (clang-1700.0.13.3)]",
        "command_line_arguments": "/Users/maximilian/.local/share/virtualenvs/config-WKQoqqDy/bin/mlagents-learn configuration.yaml --run-id=Beta0.01Dec3",
        "mlagents_version": "0.30.0",
        "mlagents_envs_version": "0.30.0",
        "communication_protocol_version": "1.5.0",
        "pytorch_version": "1.11.0",
        "numpy_version": "1.21.2",
        "end_time_seconds": "1754909213"
    },
    "total": 96.321885125,
    "count": 1,
    "self": 0.0037695420000005697,
    "children": {
        "run_training.setup": {
            "total": 0.01730616600000001,
            "count": 1,
            "self": 0.01730616600000001
        },
        "TrainerController.start_learning": {
            "total": 96.300809417,
            "count": 1,
            "self": 0.05674957900001232,
            "children": {
                "TrainerController._reset_env": {
                    "total": 8.092209375,
                    "count": 1,
                    "self": 8.092209375
                },
                "TrainerController.advance": {
                    "total": 88.07512692099999,
                    "count": 10969,
                    "self": 0.05379977599993424,
                    "children": {
                        "env_step": {
                            "total": 87.12266954300004,
                            "count": 10969,
                            "self": 85.92663682999978,
                            "children": {
                                "SubprocessEnvManager._take_step": {
                                    "total": 1.158984428000016,
                                    "count": 10969,
                                    "self": 0.12025483300003792,
                                    "children": {
                                        "TorchPolicy.evaluate": {
                                            "total": 1.0387295949999782,
                                            "count": 10945,
                                            "self": 1.0387295949999782
                                        }
                                    }
                                },
                                "workers": {
                                    "total": 0.03704828500024249,
                                    "count": 10968,
                                    "self": 0.0,
                                    "children": {
                                        "worker_root": {
                                            "total": 27.134733933999886,
                                            "count": 10968,
                                            "is_parallel": true,
                                            "self": 4.413269722000013,
                                            "children": {
                                                "steps_from_proto": {
                                                    "total": 0.0005165419999997312,
                                                    "count": 1,
                                                    "is_parallel": true,
                                                    "self": 0.00020479100000159178,
                                                    "children": {
                                                        "_process_rank_one_or_two_observation": {
                                                            "total": 0.0003117509999981394,
                                                            "count": 2,
                                                            "is_parallel": true,
                                                            "self": 0.0003117509999981394
                                                        }
                                                    }
                                                },
                                                "UnityEnvironment.step": {
                                                    "total": 22.720947669999873,
                                                    "count": 10968,
                                                    "is_parallel": true,
                                                    "self": 0.16980833500009496,
                                                    "children": {
                                                        "UnityEnvironment._generate_step_input": {
                                                            "total": 0.4255179180001516,
                                                            "count": 10968,
                                                            "is_parallel": true,
                                                            "self": 0.4255179180001516
                                                        },
                                                        "communicator.exchange": {
                                                            "total": 21.681092753999856,
                                                            "count": 10968,
                                                            "is_parallel": true,
                                                            "self": 21.681092753999856
                                                        },
                                                        "steps_from_proto": {
                                                            "total": 0.4445286629997689,
                                                            "count": 10968,
                                                            "is_parallel": true,
                                                            "self": 0.2590151439998998,
                                                            "children": {
                                                                "_process_rank_one_or_two_observation": {
                                                                    "total": 0.18551351899986912,
                                                                    "count": 21936,
                                                                    "is_parallel": true,
                                                                    "self": 0.18551351899986912
                                                                }
                                                            }
                                                        }
                                                    }
                                                }
                                            }
                                        }
                                    }
                                }
                            }
                        },
                        "trainer_advance": {
                            "total": 0.8986576020000161,
                            "count": 10968,
                            "self": 0.05215565100013464,
                            "children": {
                                "process_trajectory": {
                                    "total": 0.23839278499987593,
                                    "count": 10968,
                                    "self": 0.23839278499987593
                                },
                                "_update_policy": {
                                    "total": 0.6081091660000055,
                                    "count": 1,
                                    "self": 0.513600036999982,
                                    "children": {
                                        "TorchPPOOptimizer.update": {
                                            "total": 0.0945091290000235,
                                            "count": 30,