{
    "name": "root",
    "gauges": {
        "SimpleLevel.Policy.Entropy.mean": {
            "value": 1.4861241579055786,
            "min": 1.4364451169967651,
            "max": 1.4861241579055786,
            "count": 2
        },
        "SimpleLevel.Policy.Entropy.sum": {
            "value": 148581.203125,
            "min": 143680.421875,
            "max": 148581.203125,
            "count": 2
        },
        "SimpleLevel.Environment.EpisodeLength.mean": {
            "value": 38.45501183898974,
            "min": 38.45501183898974,
            "max": 40.64238134887594,
            "count": 2
        },
        "SimpleLevel.Environment.EpisodeLength.sum": {
            "value": 97445.0,
            "min": 97445.0,
            "max": 97623.0,
            "count": 2
        },
        "SimpleLevel.achieved_checkpoints.mean": {
            "value": 42.58011049723757,
            "min": 30.777685262281434,
            "max": 42.58011049723757,
            "count": 2
        },
        "SimpleLevel.achieved_checkpoints.sum": {
            "value": 107898.0,
            "min": 73928.0,
            "max": 107898.0,
            "count": 2
        },
        "SimpleLevel.progress_norm.mean": {
            "value": 0.07894734856720365,
            "min": 0.057106630630743886,
            "max": 0.07894734856720365,
            "count": 2
        },
        "SimpleLevel.progress_norm.sum": {
            "value": 200.05258126929402,
            "min": 137.1701267750468,
            "max": 200.05258126929402,
            "count": 2
        },
        "SimpleLevel.Step.mean": {
            "value": 199972.0,
            "min": 99998.0,
            "max": 199972.0,
            "count": 2
        },
        "SimpleLevel.Step.sum": {
            "value": 199972.0,
            "min": 99998.0,
            "max": 199972.0,
            "count": 2
        },
        "SimpleLevel.Policy.ExtrinsicValueEstimate.mean": {
            "value": 2.0983428955078125,
            "min": 0.9671753644943237,
            "max": 2.0983428955078125,
            "count": 2
        },
        "SimpleLevel.Policy.ExtrinsicValueEstimate.sum": {
            "value": 5317.20068359375,
            "min": 2325.089599609375,
            "max": 5317.20068359375,
            "count": 2
        },
        "SimpleLevel.Environment.CumulativeReward.mean": {
            "value": 4.438768372210162,
            "min": 2.604165122677874,
            "max": 4.438768372210162,
            "count": 2
        },
        "SimpleLevel.Environment.CumulativeReward.sum": {
            "value": 11247.83905518055,
            "min": 6252.600459549576,
            "max": 11247.83905518055,
            "count": 2
        },
        "SimpleLevel.Policy.ExtrinsicReward.mean": {
            "value": 4.438768372210162,
            "min": 2.604165122677874,
            "max": 4.438768372210162,
            "count": 2
        },
        "SimpleLevel.Policy.ExtrinsicReward.sum": {
            "value": 11247.83905518055,
            "min": 6252.600459549576,
            "max": 11247.83905518055,
            "count": 2
        },
        "SimpleLevel.Losses.PolicyLoss.mean": {
            "value": 0.025011284937306,
            "min": 0.025011284937306,
            "max": 0.025164377655299313,
            "count": 2
        },
        "SimpleLevel.Losses.PolicyLoss.sum": {
            "value": 0.25011284937306,
            "min": 0.2264793988976938,
            "max": 0.25011284937306,
            "count": 2
        },
        "SimpleLevel.Losses.ValueLoss.mean": {
            "value": 0.1602108308672905,
            "min": 0.12958770420540264,
            "max": 0.1602108308672905,
            "count": 2
        },
        "SimpleLevel.Losses.ValueLoss.sum": {
            "value": 1.6021083086729049,
            "min": 1.1662893378486237,
            "max": 1.6021083086729049,
            "count": 2
        },
        "SimpleLevel.Policy.LearningRate.mean": {
            "value": 0.00029955283634458297,
            "min": 0.00029955283634458297,
            "max": 0.00029984559104992555,
            "count": 2
        },
        "SimpleLevel.Policy.LearningRate.sum": {
            "value": 0.0029955283634458298,
            "min": 0.00269861031944933,
            "max": 0.0029955283634458298,
            "count": 2
        },
        "SimpleLevel.Policy.Epsilon.mean": {
            "value": 0.19985094539850948,
            "min": 0.19985094539850948,
            "max": 0.19994853033281865,
            "count": 2
        },
        "SimpleLevel.Policy.Epsilon.sum": {
            "value": 1.9985094539850947,
            "min": 1.7995367729953677,
            "max": 1.9985094539850947,
            "count": 2
        },
        "SimpleLevel.Policy.Beta.mean": {
            "value": 0.04992548760471487,
            "min": 0.04992548760471487,
            "max": 0.04997427031337604,
            "count": 2
        },
        "SimpleLevel.Policy.Beta.sum": {
            "value": 0.49925487604714874,
            "min": 0.44976843282038437,
            "max": 0.49925487604714874,
            "count": 2
        },
        "SimpleLevel.IsTraining.mean": {
            "value": 1.0,
            "min": 1.0,
            "max": 1.0,
            "count": 2
        },
        "SimpleLevel.IsTraining.sum": {
            "value": 1.0,
            "min": 1.0,
            "max": 1.0,
            "count": 2
        }
    },
    "metadata": {
        "timer_format_version": "0.1.0",
        "start_time_seconds": "1757623678",
        "python_version": "3.9.6 (default, Mar 12 2025, 20:22:46) \n[Clang 17.0.0 (clang-1700.0.13.3)]",
        "command_line_arguments": "/Users/maximilian/.local/share/virtualenvs/config-6tAeTmUk/bin/mlagents-learn configuration_simple.yaml --run-id=Milestones_10-MilestonePay_1-HolePunishment_0.2-Reward_0.5-Decision_3-Beta_0.05-StackedVectors_10-Boards_1-Tiltspeed_90-Batch_1024-Buffer_10240-HiddenUnits_512-NoWallRayInformation",
        "mlagents_version": "0.30.0",
        "mlagents_envs_version": "0.30.0",
        "communication_protocol_version": "1.5.0",
        "pytorch_version": "1.11.0",
        "numpy_version": "1.21.2",
        "end_time_seconds": "1757624737"
    },
    "total": 1059.033024458,
    "count": 1,
    "self": 0.003440790999775345,
    "children": {
        "run_training.setup": {
            "total": 0.019898957999999967,
            "count": 1,
            "self": 0.019898957999999967
        },
        "TrainerController.start_learning": {
            "total": 1059.009684709,
            "count": 1,
            "self": 1.6082302450081443,
            "children": {
                "TrainerController._reset_env": {
                    "total": 18.5202025,
                    "count": 1,
                    "self": 18.5202025
                },
                "TrainerController.advance": {
                    "total": 1038.7828958389919,
                    "count": 211977,
                    "self": 1.452894792011648,
                    "children": {
                        "env_step": {
                            "total": 1008.2574417930016,
                            "count": 211977,
                            "self": 968.0595845580178,
                            "children": {
                                "SubprocessEnvManager._take_step": {
                                    "total": 39.17120002998091,
                                    "count": 211977,
                                    "self": 3.3793490059917275,
                                    "children": {
                                        "TorchPolicy.evaluate": {
                                            "total": 35.79185102398918,
                                            "count": 208534,
                                            "self": 35.79185102398918
                                        }
                                    }
                                },