{
    "name": "root",
    "gauges": {
        "HoleObservationMultiple.Policy.Entropy.mean": {
            "value": 1.1475639343261719,
            "min": 1.1475639343261719,
            "max": 1.4060970544815063,
            "count": 8
        },
        "HoleObservationMultiple.Policy.Entropy.sum": {
            "value": 114733.4375,
            "min": 114733.4375,
            "max": 140744.6875,
            "count": 8
        },
        "HoleObservationMultiple.Environment.EpisodeLength.mean": {
            "value": 13.594073857830974,
            "min": 13.594073857830974,
            "max": 22.866618945359104,
            "count": 8
        },
        "HoleObservationMultiple.Environment.EpisodeLength.sum": {
            "value": 93133.0,
            "min": 93133.0,
            "max": 95834.0,
            "count": 8
        },
        "HoleObservationMultiple.achieved_checkpoints.mean": {
            "value": 35.38753466647205,
            "min": 25.03817704605106,
            "max": 35.43539796073657,
            "count": 8
        },
        "HoleObservationMultiple.achieved_checkpoints.sum": {
            "value": 242440.0,
            "min": 104935.0,
            "max": 242440.0,
            "count": 8
        },
        "HoleObservationMultiple.progress_norm.mean": {
            "value": 0.1621626440260014,
            "min": 0.11477919090143666,
            "max": 0.1623823901839932,
            "count": 8
        },
        "HoleObservationMultiple.progress_norm.sum": {
            "value": 1110.9762742221355,
            "min": 481.03958906792104,
            "max": 1110.9762742221355,
            "count": 8
        },
        "HoleObservationMultiple.Step.mean": {
            "value": 799987.0,
            "min": 99990.0,
            "max": 799987.0,
            "count": 8
        },
        "HoleObservationMultiple.Step.sum": {
            "value": 799987.0,
            "min": 99990.0,
            "max": 799987.0,
            "count": 8
        },
        "HoleObservationMultiple.Policy.ExtrinsicValueEstimate.mean": {
            "value": 5.726529598236084,
            "min": 2.9815680980682373,
            "max": 5.726529598236084,
            "count": 8
        },
        "HoleObservationMultiple.Policy.ExtrinsicValueEstimate.sum": {
            "value": 39329.8046875,
            "min": 12990.6923828125,
            "max": 39329.8046875,
            "count": 8
        },
        "HoleObservationMultiple.Environment.CumulativeReward.mean": {
            "value": 11.150025236580062,
            "min": 7.540873769127046,
            "max": 11.15059531503885,
            "count": 8
        },
        "HoleObservationMultiple.Environment.CumulativeReward.sum": {
            "value": 76388.82289581001,
            "min": 31596.261092642322,
            "max": 76388.82289581001,
            "count": 8
        },
        "HoleObservationMultiple.Policy.ExtrinsicReward.mean": {
            "value": 11.150025236580062,
            "min": 7.540873769127046,
            "max": 11.15059531503885,
            "count": 8
        },
        "HoleObservationMultiple.Policy.ExtrinsicReward.sum": {
            "value": 76388.82289581001,
            "min": 31596.261092642322,
            "max": 76388.82289581001,
            "count": 8
        },
        "HoleObservationMultiple.Losses.PolicyLoss.mean": {
            "value": 0.02430273081874475,
            "min": 0.023183734452403668,
            "max": 0.024991820475940285,
            "count": 8
        },
        "HoleObservationMultiple.Losses.PolicyLoss.sum": {
            "value": 0.2430273081874475,
            "min": 0.20865361007163302,
            "max": 0.24991820475940285,
            "count": 8
        },
        "HoleObservationMultiple.Losses.ValueLoss.mean": {
            "value": 0.08214941331495841,
            "min": 0.06308905224005382,
            "max": 1.0382587018940184,
            "count": 8
        },
        "HoleObservationMultiple.Losses.ValueLoss.sum": {
            "value": 0.8214941331495841,
            "min": 0.6308905224005381,
            "max": 9.344328317046164,
            "count": 8
        },
        "HoleObservationMultiple.Policy.LearningRate.mean": {
            "value": 0.000297739775830806,
            "min": 0.000297739775830806,
            "max": 0.000299846107383092,
            "count": 8
        },
        "HoleObservationMultiple.Policy.LearningRate.sum": {
            "value": 0.00297739775830806,
            "min": 0.002687821908937584,
            "max": 0.0029955396494421803,
            "count": 8
        },
        "HoleObservationMultiple.Policy.Epsilon.mean": {
            "value": 0.19924659169246595,
            "min": 0.19924659169246595,
            "max": 0.1999487024439315,
            "count": 8
        },
        "HoleObservationMultiple.Policy.Epsilon.sum": {
            "value": 1.9924659169246595,
            "min": 1.7959406349594067,
            "max": 1.9985132159851327,
            "count": 8
        },
        "HoleObservationMultiple.Policy.Beta.mean": {
            "value": 0.0049624049254540495,
            "min": 0.0049624049254540495,
            "max": 0.004997440251952181,
            "count": 8
        },
        "HoleObservationMultiple.Policy.Beta.sum": {
            "value": 0.049624049254540496,
            "min": 0.04479743768447438,
            "max": 0.049925809477658095,
            "count": 8
        },
        "HoleObservationMultiple.IsTraining.mean": {
            "value": 1.0,
            "min": 1.0,
            "max": 1.0,
            "count": 8
        },
        "HoleObservationMultiple.IsTraining.sum": {
            "value": 1.0,
            "min": 1.0,
            "max": 1.0,
            "count": 8
        }
    },
    "metadata": {
        "timer_format_version": "0.1.0",
        "start_time_seconds": "1756117030",
        "python_version": "3.9.6 (default, Mar 12 2025, 20:22:46) \n[Clang 17.0.0 (clang-1700.0.13.3)]",
        "command_line_arguments": "/Users/maximilian/.local/share/virtualenvs/config-6tAeTmUk/bin/mlagents-learn configuration.yaml --run-id=CompleteRun2",
        "mlagents_version": "0.30.0",
        "mlagents_envs_version": "0.30.0",
        "communication_protocol_version": "1.5.0",
        "pytorch_version": "1.11.0",
        "numpy_version": "1.21.2",
        "end_time_seconds": "1756119830"
    },
    "total": 2800.1896754580002,
    "count": 1,
    "self": 0.0033479160006208986,
    "children": {
        "run_training.setup": {
            "total": 0.01705920900000002,
            "count": 1,
            "self": 0.01705920900000002
        },
        "TrainerController.start_learning": {
            "total": 2800.1692683329998,
            "count": 1,
            "self": 2.1952288750267144,
            "children": {
                "TrainerController._reset_env": {
                    "total": 4.771737084,
                    "count": 1,
                    "self": 4.771737084
                },
                "TrainerController.advance": {
                    "total": 2793.117720706973,
                    "count": 254880,
                    "self": 2.082904406916896,
                    "children": {
                        "env_step": {
                            "total": 2660.880095069064,
                            "count": 254880,
                            "self": 2598.2291183509733,
                            "children": {
                                "SubprocessEnvManager._take_step": {
                                    "total": 61.25182983497708,
                                    "count": 254880,
                                    "self": 4.39648327206082,
                                    "children": {
                                        "TorchPolicy.evaluate": {
                                            "total": 56.85534656291626,
                                            "count": 214037,