{
    "name": "root",
    "gauges": {
        "SimpleLevel.Policy.Entropy.mean": {
            "value": 8.059891700744629,
            "min": 1.4400442838668823,
            "max": 8.059891700744629,
            "count": 142
        },
        "SimpleLevel.Policy.Entropy.sum": {
            "value": 806762.9375,
            "min": 144269.390625,
            "max": 806762.9375,
            "count": 142
        },
        "SimpleLevel.Environment.EpisodeLength.mean": {
            "value": 325.79672131147544,
            "min": 39.37510105092967,
            "max": 331.75333333333333,
            "count": 142
        },
        "SimpleLevel.Environment.EpisodeLength.sum": {
            "value": 99368.0,
            "min": 97414.0,
            "max": 100836.0,
            "count": 142
        },
        "SimpleLevel.achieved_checkpoints.mean": {
            "value": 300.2065573770492,
            "min": 30.729323308270676,
            "max": 307.53333333333336,
            "count": 142
        },
        "SimpleLevel.achieved_checkpoints.sum": {
            "value": 91563.0,
            "min": 65392.0,
            "max": 115444.0,
            "count": 142
        },
        "SimpleLevel.progress_norm.mean": {
            "value": 0.5644672492244205,
            "min": 0.05775900400252234,
            "max": 0.5784377212325732,
            "count": 142
        },
        "SimpleLevel.progress_norm.sum": {
            "value": 172.16251101344824,
            "min": 122.91116051736753,
            "max": 216.14861125685275,
            "count": 142
        },
        "SimpleLevel.Step.mean": {
            "value": 14199882.0,
            "min": 99893.0,
            "max": 14199882.0,
            "count": 142
        },
        "SimpleLevel.Step.sum": {
            "value": 14199882.0,
            "min": 99893.0,
            "max": 14199882.0,
            "count": 142
        },
        "SimpleLevel.Policy.ExtrinsicValueEstimate.mean": {
            "value": 5.073165416717529,
            "min": 0.7385322451591492,
            "max": 5.073165416717529,
            "count": 142
        },
        "SimpleLevel.Policy.ExtrinsicValueEstimate.sum": {
            "value": 2846.0458984375,
            "min": 1570.8580322265625,
            "max": 4171.3876953125,
            "count": 142
        },
        "SimpleLevel.Environment.CumulativeReward.mean": {
            "value": 24.92628071617457,
            "min": 2.390379259708011,
            "max": 25.55780304671324,
            "count": 142
        },
        "SimpleLevel.Environment.CumulativeReward.sum": {
            "value": 7602.5156184332445,
            "min": 5081.946306139231,
            "max": 9917.393531143665,
            "count": 142
        },
        "SimpleLevel.Policy.ExtrinsicReward.mean": {
            "value": 24.92628071617457,
            "min": 2.390379259708011,
            "max": 25.55780304671324,
            "count": 142
        },
        "SimpleLevel.Policy.ExtrinsicReward.sum": {
            "value": 7602.5156184332445,
            "min": 5081.946306139231,
            "max": 9917.393531143665,
            "count": 142
        },
        "SimpleLevel.Losses.PolicyLoss.mean": {
            "value": 0.023616696694710608,
            "min": 0.021733137477422133,
            "max": 0.026758276352581257,
            "count": 142
        },
        "SimpleLevel.Losses.PolicyLoss.sum": {
            "value": 0.23616696694710607,
            "min": 0.1983240491244942,
            "max": 0.26758276352581256,
            "count": 142
        },
        "SimpleLevel.Losses.ValueLoss.mean": {
            "value": 0.7762176780899365,
            "min": 0.12823804999391236,
            "max": 0.874605967005094,
            "count": 142
        },
        "SimpleLevel.Losses.ValueLoss.sum": {
            "value": 7.762176780899365,
            "min": 1.1768011704087258,
            "max": 8.74605967005094,
            "count": 142
        },
        "SimpleLevel.Policy.LearningRate.mean": {
            "value": 0.0002575585058227544,
            "min": 0.0002575585058227544,
            "max": 0.0002998454030499863,
            "count": 142
        },
        "SimpleLevel.Policy.LearningRate.sum": {
            "value": 0.002575585058227544,
            "min": 0.002320680047646825,
            "max": 0.0029955293774455013,
            "count": 142
        },
        "SimpleLevel.Policy.Epsilon.mean": {
            "value": 0.18585283055852833,
            "min": 0.18585283055852833,
            "max": 0.1999484676661514,
            "count": 142
        },
        "SimpleLevel.Policy.Epsilon.sum": {
            "value": 1.8585283055852833,
            "min": 1.6735599737355997,
            "max": 1.9985097919850983,
            "count": 142
        },
        "SimpleLevel.Policy.Beta.mean": {
            "value": 0.0429278299962083,
            "min": 0.0429278299962083,
            "max": 0.049974238986309066,
            "count": 142
        },
        "SimpleLevel.Policy.Beta.sum": {
            "value": 0.42927829996208294,
            "min": 0.38679263087042626,
            "max": 0.49925504501335044,
            "count": 142
        },
        "SimpleLevel.IsTraining.mean": {
            "value": 1.0,
            "min": 1.0,
            "max": 1.0,
            "count": 142
        },
        "SimpleLevel.IsTraining.sum": {
            "value": 1.0,
            "min": 1.0,
            "max": 1.0,
            "count": 142
        }
    },
    "metadata": {
        "timer_format_version": "0.1.0",
        "start_time_seconds": "1757686001",
        "python_version": "3.9.6 (default, Mar 12 2025, 20:22:46) \n[Clang 17.0.0 (clang-1700.0.13.3)]",
        "command_line_arguments": "/Users/maximilian/.local/share/virtualenvs/config-6tAeTmUk/bin/mlagents-learn configuration_simple.yaml --run-id=Milestones_8-MilestonePay_1-HolePunishment_0.2-Reward_0.5-Decision_3-Beta_0.05-StackedVectors_10-Boards_4-Tiltspeed_90-Batch_1024-Buffer_10240-HiddenUnits_1024-RayCount_4-RayDistance_4",
        "mlagents_version": "0.30.0",
        "mlagents_envs_version": "0.30.0",
        "communication_protocol_version": "1.5.0",
        "pytorch_version": "1.11.0",
        "numpy_version": "1.21.2",
        "end_time_seconds": "1757725019"
    },
    "total": 39010.737405583,
    "count": 1,
    "self": 0.003862583005684428,
    "children": {
        "run_training.setup": {
            "total": 0.017886417000000154,
            "count": 1,
            "self": 0.017886417000000154
        },
        "TrainerController.start_learning": {
            "total": 39010.715656582994,
            "count": 1,
            "self": 27.242168229327945,
            "children": {
                "TrainerController._reset_env": {
                    "total": 21.368322834,
                    "count": 1,
                    "self": 21.368322834
                },
                "TrainerController.advance": {
                    "total": 38961.960330977665,
                    "count": 3594918,
                    "self": 24.31340409418044,
                    "children": {
                        "env_step": {
                            "total": 36220.06505635547,
                            "count": 3594918,
                            "self": 34240.97975917324,
                            "children": {
                                "SubprocessEnvManager._take_step": {
                                    "total": 1962.1883267506605,
                                    "count": 3594918,
                                    "self": 78.00287898358965,
                                    "children": {
                                        "TorchPolicy.evaluate": {
                                            "total": 1884.1854477670709,
                                            "count": 3550512,