{
    "name": "root",
    "gauges": {
        "OriginalLevel.Policy.Entropy.mean": {
            "value": 1.3952360153198242,
            "min": 1.3952360153198242,
            "max": 1.4051823616027832,
            "count": 2
        },
        "OriginalLevel.Policy.Entropy.sum": {
            "value": 139635.21875,
            "min": 139635.21875,
            "max": 140568.828125,
            "count": 2
        },
        "OriginalLevel.Environment.EpisodeLength.mean": {
            "value": 53.84314804623005,
            "min": 36.01073279052554,
            "max": 53.84314804623005,
            "count": 2
        },
        "OriginalLevel.Environment.EpisodeLength.sum": {
            "value": 97833.0,
            "min": 97301.0,
            "max": 97833.0,
            "count": 2
        },
        "OriginalLevel.achieved_checkpoints.mean": {
            "value": 32.458998348926805,
            "min": 29.59585492227979,
            "max": 32.458998348926805,
            "count": 2
        },
        "OriginalLevel.achieved_checkpoints.sum": {
            "value": 58978.0,
            "min": 58978.0,
            "max": 79968.0,
            "count": 2
        },
        "OriginalLevel.progress_norm.mean": {
            "value": 0.05472397548390012,
            "min": 0.04986461011543291,
            "max": 0.05472397548390012,
            "count": 2
        },
        "OriginalLevel.progress_norm.sum": {
            "value": 99.43346345424652,
            "min": 99.43346345424652,
            "max": 134.73417653189972,
            "count": 2
        },
        "OriginalLevel.Step.mean": {
            "value": 199973.0,
            "min": 99982.0,
            "max": 199973.0,
            "count": 2
        },
        "OriginalLevel.Step.sum": {
            "value": 199973.0,
            "min": 99982.0,
            "max": 199973.0,
            "count": 2
        },
        "OriginalLevel.Policy.ExtrinsicValueEstimate.mean": {
            "value": 2.4395864009857178,
            "min": 2.306015968322754,
            "max": 2.4395864009857178,
            "count": 2
        },
        "OriginalLevel.Policy.ExtrinsicValueEstimate.sum": {
            "value": 6467.34326171875,
            "min": 6467.34326171875,
            "max": 7093.30517578125,
            "count": 2
        },
        "OriginalLevel.Environment.CumulativeReward.mean": {
            "value": 8.971493557271751,
            "min": 7.886656060705554,
            "max": 8.971493557271751,
            "count": 2
        },
        "OriginalLevel.Environment.CumulativeReward.sum": {
            "value": 16310.175287120044,
            "min": 16310.175287120044,
            "max": 21301.8580199657,
            "count": 2
        },
        "OriginalLevel.Policy.ExtrinsicReward.mean": {
            "value": 8.971493557271751,
            "min": 7.886656060705554,
            "max": 8.971493557271751,
            "count": 2
        },
        "OriginalLevel.Policy.ExtrinsicReward.sum": {
            "value": 16310.175287120044,
            "min": 16310.175287120044,
            "max": 21301.8580199657,
            "count": 2
        },
        "OriginalLevel.Losses.PolicyLoss.mean": {
            "value": 0.02341114856263933,
            "min": 0.02341114856263933,
            "max": 0.024085251353163684,
            "count": 2
        },
        "OriginalLevel.Losses.PolicyLoss.sum": {
            "value": 0.2341114856263933,
            "min": 0.21676726217847317,
            "max": 0.2341114856263933,
            "count": 2
        },
        "OriginalLevel.Losses.ValueLoss.mean": {
            "value": 1.0048643069465955,
            "min": 1.0048643069465955,
            "max": 1.2800131929141503,
            "count": 2
        },
        "OriginalLevel.Losses.ValueLoss.sum": {
            "value": 10.048643069465955,
            "min": 10.048643069465955,
            "max": 11.520118736227353,
            "count": 2
        },
        "OriginalLevel.Policy.LearningRate.mean": {
            "value": 0.00029955365354431874,
            "min": 0.00029955365354431874,
            "max": 0.00029984601938312037,
            "count": 2
        },
        "OriginalLevel.Policy.LearningRate.sum": {
            "value": 0.002995536535443187,
            "min": 0.0026986141744480834,
            "max": 0.002995536535443187,
            "count": 2
        },
        "OriginalLevel.Policy.Epsilon.mean": {
            "value": 0.19985121779851217,
            "min": 0.19985121779851217,
            "max": 0.19994867311059783,
            "count": 2
        },
        "OriginalLevel.Policy.Epsilon.sum": {
            "value": 1.9985121779851218,
            "min": 1.7995380579953806,
            "max": 1.9985121779851218,
            "count": 2
        },
        "OriginalLevel.Policy.Beta.mean": {
            "value": 0.009985136658071367,
            "min": 0.009985136658071367,
            "max": 0.009994872443748727,
            "count": 2
        },
        "OriginalLevel.Policy.Beta.sum": {
            "value": 0.09985136658071367,
            "min": 0.08995385199373854,
            "max": 0.09985136658071367,
            "count": 2
        },
        "OriginalLevel.IsTraining.mean": {
            "value": 1.0,
            "min": 1.0,
            "max": 1.0,
            "count": 2
        },
        "OriginalLevel.IsTraining.sum": {
            "value": 1.0,
            "min": 1.0,
            "max": 1.0,
            "count": 2
        }
    },
    "metadata": {
        "timer_format_version": "0.1.0",
        "start_time_seconds": "1757154347",
        "python_version": "3.9.6 (default, Mar 12 2025, 20:22:46) \n[Clang 17.0.0 (clang-1700.0.13.3)]",
        "command_line_arguments": "/Users/maximilian/.local/share/virtualenvs/config-6tAeTmUk/bin/mlagents-learn configuration.yaml --run-id=Milestones_13-MilestonePay_3-Beta_0.01_TimePunish-0.005_HolePunish-1_Decision-3_NearestHoles-6_Boards-4_Interpolation-0.25_TiltSpeed-100",
        "mlagents_version": "0.30.0",
        "mlagents_envs_version": "0.30.0",
        "communication_protocol_version": "1.5.0",
        "pytorch_version": "1.11.0",
        "numpy_version": "1.21.2",
        "end_time_seconds": "1757154792"
    },
    "total": 445.156625167,
    "count": 1,
    "self": 0.0030163339999944583,
    "children": {
        "run_training.setup": {
            "total": 0.017694165999999956,
            "count": 1,
            "self": 0.017694165999999956
        },
        "TrainerController.start_learning": {
            "total": 445.135914667,
            "count": 1,
            "self": 0.4233174249998797,
            "children": {
                "TrainerController._reset_env": {
                    "total": 3.9003444579999997,
                    "count": 1,
                    "self": 3.9003444579999997
                },
                "TrainerController.advance": {
                    "total": 440.73906115800014,
                    "count": 69031,
                    "self": 0.40970286200104056,
                    "children": {
                        "env_step": {
                            "total": 409.50197760400533,
                            "count": 69031,
                            "self": 395.43299168399614,
                            "children": {
                                "SubprocessEnvManager._take_step": {
                                    "total": 13.786121526001859,
                                    "count": 69031,
                                    "self": 0.9283916859969654,
                                    "children": {
                                        "TorchPolicy.evaluate": {
                                            "total": 12.857729840004893,
                                            "count": 65612,
                                            "self": 12.857729840004893
                                        }
                                    }
                                },