{
    "name": "root",
    "gauges": {
        "HoleObservationMultiple.Policy.Entropy.mean": {
            "value": 1.2491167783737183,
            "min": 1.2491167783737183,
            "max": 1.4016304016113281,
            "count": 7
        },
        "HoleObservationMultiple.Policy.Entropy.sum": {
            "value": 124986.625,
            "min": 124986.625,
            "max": 140325.625,
            "count": 7
        },
        "HoleObservationMultiple.Environment.EpisodeLength.mean": {
            "value": 111.23878923766816,
            "min": 30.187714374805115,
            "max": 118.74491017964071,
            "count": 7
        },
        "HoleObservationMultiple.Environment.EpisodeLength.sum": {
            "value": 99225.0,
            "min": 96812.0,
            "max": 99374.0,
            "count": 7
        },
        "HoleObservationMultiple.achieved_checkpoints.mean": {
            "value": 59.64798206278027,
            "min": 28.615216713439352,
            "max": 59.84412733260154,
            "count": 7
        },
        "HoleObservationMultiple.achieved_checkpoints.sum": {
            "value": 53206.0,
            "min": 49500.0,
            "max": 91769.0,
            "count": 7
        },
        "HoleObservationMultiple.progress_norm.mean": {
            "value": 0.2774126816357198,
            "min": 0.13310719268424956,
            "max": 0.2783192713979047,
            "count": 7
        },
        "HoleObservationMultiple.progress_norm.sum": {
            "value": 247.45211201906204,
            "min": 230.2364712804556,
            "max": 426.87476693838835,
            "count": 7
        },
        "HoleObservationMultiple.Step.mean": {
            "value": 699990.0,
            "min": 99995.0,
            "max": 699990.0,
            "count": 7
        },
        "HoleObservationMultiple.Step.sum": {
            "value": 699990.0,
            "min": 99995.0,
            "max": 699990.0,
            "count": 7
        },
        "HoleObservationMultiple.Policy.ExtrinsicValueEstimate.mean": {
            "value": 1.1096316576004028,
            "min": 1.1096316576004028,
            "max": 2.862389326095581,
            "count": 7
        },
        "HoleObservationMultiple.Policy.ExtrinsicValueEstimate.sum": {
            "value": 2256.99072265625,
            "min": 2256.99072265625,
            "max": 10341.8125,
            "count": 7
        },
        "HoleObservationMultiple.Environment.CumulativeReward.mean": {
            "value": 16.91785535953872,
            "min": 8.514441222186576,
            "max": 17.018241207767076,
            "count": 7
        },
        "HoleObservationMultiple.Environment.CumulativeReward.sum": {
            "value": 15090.72698070854,
            "min": 13781.807460563257,
            "max": 27297.298558330163,
            "count": 7
        },
        "HoleObservationMultiple.Policy.ExtrinsicReward.mean": {
            "value": 16.91785535953872,
            "min": 8.514441222186576,
            "max": 17.018241207767076,
            "count": 7
        },
        "HoleObservationMultiple.Policy.ExtrinsicReward.sum": {
            "value": 15090.72698070854,
            "min": 13781.807460563257,
            "max": 27297.298558330163,
            "count": 7
        },
        "HoleObservationMultiple.Losses.PolicyLoss.mean": {
            "value": 0.02244902898557484,
            "min": 0.02244902898557484,
            "max": 0.025906087208918675,
            "count": 7
        },
        "HoleObservationMultiple.Losses.PolicyLoss.sum": {
            "value": 0.2244902898557484,
            "min": 0.21734607308171688,
            "max": 0.251407641962093,
            "count": 7
        },
        "HoleObservationMultiple.Losses.ValueLoss.mean": {
            "value": 0.6392865327000619,
            "min": 0.5785848313570023,
            "max": 1.3691337854773908,
            "count": 7
        },
        "HoleObservationMultiple.Losses.ValueLoss.sum": {
            "value": 6.392865327000618,
            "min": 5.785848313570023,
            "max": 12.322204069296518,
            "count": 7
        },
        "HoleObservationMultiple.Policy.LearningRate.mean": {
            "value": 0.0002980438032325038,
            "min": 0.0002980438032325038,
            "max": 0.0002998460610497736,
            "count": 7
        },
        "HoleObservationMultiple.Policy.LearningRate.sum": {
            "value": 0.002980438032325038,
            "min": 0.0026905772760466816,
            "max": 0.002995536091443331,
            "count": 7
        },
        "HoleObservationMultiple.Policy.Epsilon.mean": {
            "value": 0.19934793419347935,
            "min": 0.19934793419347935,
            "max": 0.1999486869994869,
            "count": 7
        },
        "HoleObservationMultiple.Policy.Epsilon.sum": {
            "value": 1.9934793419347936,
            "min": 1.796859090968591,
            "max": 1.9985120299851202,
            "count": 7
        },
        "HoleObservationMultiple.Policy.Beta.mean": {
            "value": 0.00496746191625462,
            "min": 0.00496746191625462,
            "max": 0.0049974394812743956,
            "count": 7
        },
        "HoleObservationMultiple.Policy.Beta.sum": {
            "value": 0.0496746191625462,
            "min": 0.04484326863933269,
            "max": 0.04992575029625751,
            "count": 7
        },
        "HoleObservationMultiple.IsTraining.mean": {
            "value": 1.0,
            "min": 1.0,
            "max": 1.0,
            "count": 7
        },
        "HoleObservationMultiple.IsTraining.sum": {
            "value": 1.0,
            "min": 1.0,
            "max": 1.0,
            "count": 7
        }
    },
    "metadata": {
        "timer_format_version": "0.1.0",
        "start_time_seconds": "1755548647",
        "python_version": "3.9.6 (default, Mar 12 2025, 20:22:46) \n[Clang 17.0.0 (clang-1700.0.13.3)]",
        "command_line_arguments": "/Users/maximilian/.local/share/virtualenvs/config-WKQoqqDy/bin/mlagents-learn configuration.yaml --run-id=50kSteps1.5Reward025Interpolation0.005Time1HolePunish6MaxSeconds512Hidden3LayersBeta0.008",
        "mlagents_version": "0.30.0",
        "mlagents_envs_version": "0.30.0",
        "communication_protocol_version": "1.5.0",
        "pytorch_version": "1.11.0",
        "numpy_version": "1.21.2",
        "end_time_seconds": "1755550639"
    },
    "total": 1991.337218125,
    "count": 1,
    "self": 0.003002374000061536,
    "children": {
        "run_training.setup": {
            "total": 0.022004792000000162,
            "count": 1,
            "self": 0.022004792000000162
        },
        "TrainerController.start_learning": {
            "total": 1991.312210959,
            "count": 1,
            "self": 1.463000332033971,
            "children": {
                "TrainerController._reset_env": {
                    "total": 17.948328874999998,
                    "count": 1,
                    "self": 17.948328874999998
                },
                "TrainerController.advance": {
                    "total": 1971.8487609599658,
                    "count": 183999,
                    "self": 1.3293964219776626,
                    "children": {
                        "env_step": {
                            "total": 1883.9205507239865,
                            "count": 183999,
                            "self": 1836.882877761995,
                            "children": {
                                "SubprocessEnvManager._take_step": {
                                    "total": 46.07788848199469,
                                    "count": 183999,
                                    "self": 3.170681224932075,
                                    "children": {
                                        "TorchPolicy.evaluate": {
                                            "total": 42.907207257062616,