{
    "name": "root",
    "gauges": {
        "AdvDec_Beta.Policy.Entropy.mean": {
            "value": 1.42463219165802,
            "min": 1.415574073791504,
            "max": 1.42463219165802,
            "count": 4
        },
        "AdvDec_Beta.Policy.Entropy.sum": {
            "value": 71240.15625,
            "min": 70853.7265625,
            "max": 71240.15625,
            "count": 4
        },
        "AdvDec_Beta.Step.mean": {
            "value": 199961.0,
            "min": 49989.0,
            "max": 199961.0,
            "count": 4
        },
        "AdvDec_Beta.Step.sum": {
            "value": 199961.0,
            "min": 49989.0,
            "max": 199961.0,
            "count": 4
        },
        "AdvDec_Beta.Policy.ExtrinsicValueEstimate.mean": {
            "value": 0.1385452002286911,
            "min": 0.05125841870903969,
            "max": 0.21268324553966522,
            "count": 4
        },
        "AdvDec_Beta.Policy.ExtrinsicValueEstimate.sum": {
            "value": 114.43833923339844,
            "min": 45.26118469238281,
            "max": 201.62371826171875,
            "count": 4
        },
        "AdvDec_Beta.Environment.EpisodeLength.mean": {
            "value": 781.34375,
            "min": 151.33641975308643,
            "max": 781.34375,
            "count": 4
        },
        "AdvDec_Beta.Environment.EpisodeLength.sum": {
            "value": 50006.0,
            "min": 48991.0,
            "max": 50232.0,
            "count": 4
        },
        "AdvDec_Beta.Environment.CumulativeReward.mean": {
            "value": 1.3155990286122687,
            "min": 0.8904518014857667,
            "max": 1.3155990286122687,
            "count": 4
        },
        "AdvDec_Beta.Environment.CumulativeReward.sum": {
            "value": 84.1983378311852,
            "min": 84.1983378311852,
            "max": 315.5947071433766,
            "count": 4
        },
        "AdvDec_Beta.Policy.ExtrinsicReward.mean": {
            "value": 1.3155990286122687,
            "min": 0.8904518014857667,
            "max": 1.3155990286122687,
            "count": 4
        },
        "AdvDec_Beta.Policy.ExtrinsicReward.sum": {
            "value": 84.1983378311852,
            "min": 84.1983378311852,
            "max": 315.5947071433766,
            "count": 4
        },
        "AdvDec_Beta.Losses.PolicyLoss.mean": {
            "value": 0.021772451070913423,
            "min": 0.021772451070913423,
            "max": 0.025493399452534506,
            "count": 4
        },
        "AdvDec_Beta.Losses.PolicyLoss.sum": {
            "value": 0.10886225535456712,
            "min": 0.10197359781013803,
            "max": 0.11522296712112924,
            "count": 4
        },
        "AdvDec_Beta.Losses.ValueLoss.mean": {
            "value": 0.003663874041909973,
            "min": 0.003663874041909973,
            "max": 0.014039401815583311,
            "count": 4
        },
        "AdvDec_Beta.Losses.ValueLoss.sum": {
            "value": 0.018319370209549865,
            "min": 0.018319370209549865,
            "max": 0.07019700907791655,
            "count": 4
        },
        "AdvDec_Beta.Policy.LearningRate.mean": {
            "value": 0.0002994762631693416,
            "min": 0.0002994762631693416,
            "max": 0.00029992299977489665,
            "count": 4
        },
        "AdvDec_Beta.Policy.LearningRate.sum": {
            "value": 0.0014973813158467078,
            "min": 0.0011996919990995866,
            "max": 0.0014989214913487176,
            "count": 4
        },
        "AdvDec_Beta.Policy.Epsilon.mean": {
            "value": 0.1998254209982542,
            "min": 0.1998254209982542,
            "max": 0.19997433324974337,
            "count": 4
        },
        "AdvDec_Beta.Policy.Epsilon.sum": {
            "value": 0.999127104991271,
            "min": 0.7998973329989735,
            "max": 0.999640496996405,
            "count": 4
        },
        "AdvDec_Beta.Policy.Beta.mean": {
            "value": 0.004991288507812886,
            "min": 0.004991288507812886,
            "max": 0.004998719229162193,
            "count": 4
        },
        "AdvDec_Beta.Policy.Beta.sum": {
            "value": 0.02495644253906443,
            "min": 0.019994876916648772,
            "max": 0.024982060800120606,
            "count": 4
        },
        "AdvDec_Beta.IsTraining.mean": {
            "value": 1.0,
            "min": 1.0,
            "max": 1.0,
            "count": 4
        },
        "AdvDec_Beta.IsTraining.sum": {
            "value": 1.0,
            "min": 1.0,
            "max": 1.0,
            "count": 4
        }
    },
    "metadata": {
        "timer_format_version": "0.1.0",
        "start_time_seconds": "1754922326",
        "python_version": "3.9.6 (default, Mar 12 2025, 20:22:46) \n[Clang 17.0.0 (clang-1700.0.13.3)]",
        "command_line_arguments": "/Users/maximilian/.local/share/virtualenvs/config-WKQoqqDy/bin/mlagents-learn configuration.yaml --run-id=Beta0.005Dec3",
        "mlagents_version": "0.30.0",
        "mlagents_envs_version": "0.30.0",
        "communication_protocol_version": "1.5.0",
        "pytorch_version": "1.11.0",
        "numpy_version": "1.21.2",
        "end_time_seconds": "1754922921"
    },
    "total": 594.57300775,
    "count": 1,
    "self": 0.0030248739999478857,
    "children": {
        "run_training.setup": {
            "total": 0.01789916700000005,
            "count": 1,
            "self": 0.01789916700000005
        },
        "TrainerController.start_learning": {
            "total": 594.552083709,
            "count": 1,
            "self": 1.1734208639923054,
            "children": {
                "TrainerController._reset_env": {
                    "total": 4.962360791,
                    "count": 1,
                    "self": 4.962360791
                },
                "TrainerController.advance": {
                    "total": 588.3505407620078,
                    "count": 203949,
                    "self": 1.1194709710247253,
                    "children": {
                        "env_step": {
                            "total": 569.0826595649899,
                            "count": 203949,
                            "self": 545.3410827590023,
                            "children": {
                                "SubprocessEnvManager._take_step": {
                                    "total": 22.962485690001053,
                                    "count": 203949,
                                    "self": 2.4338677039997165,
                                    "children": {
                                        "TorchPolicy.evaluate": {
                                            "total": 20.528617986001336,
                                            "count": 203439,
                                            "self": 20.528617986001336
                                        }
                                    }
                                },
                                "workers": {
                                    "total": 0.7790911159864828,
                                    "count": 203948,
                                    "self": 0.0,
                                    "children": {
                                        "worker_root": {
                                            "total": 526.8848274740079,
                                            "count": 203948,
                                            "is_parallel": true,
                                            "self": 87.37771929400799,
                                            "children": {
                                                "steps_from_proto": {
                                                    "total": 0.000449542000000136,
                                                    "count": 1,
                                                    "is_parallel": true,