{
    "name": "root",
    "gauges": {
        "DiffV2Agent.Policy.Entropy.mean": {
            "value": 1.1830624341964722,
            "min": 1.1830624341964722,
            "max": 1.4354594945907593,
            "count": 37
        },
        "DiffV2Agent.Policy.Entropy.sum": {
            "value": 59115.26171875,
            "min": 59115.26171875,
            "max": 71830.390625,
            "count": 37
        },
        "DiffV2Agent.Step.mean": {
            "value": 1849966.0,
            "min": 49977.0,
            "max": 1849966.0,
            "count": 37
        },
        "DiffV2Agent.Step.sum": {
            "value": 1849966.0,
            "min": 49977.0,
            "max": 1849966.0,
            "count": 37
        },
        "DiffV2Agent.Policy.ExtrinsicValueEstimate.mean": {
            "value": 0.8771725296974182,
            "min": 0.15381284058094025,
            "max": 0.9805685877799988,
            "count": 37
        },
        "DiffV2Agent.Policy.ExtrinsicValueEstimate.sum": {
            "value": 868.4008178710938,
            "min": 130.43328857421875,
            "max": 1045.2861328125,
            "count": 37
        },
        "DiffV2Agent.Environment.EpisodeLength.mean": {
            "value": 115.36697247706422,
            "min": 78.01582278481013,
            "max": 370.6268656716418,
            "count": 37
        },
        "DiffV2Agent.Environment.EpisodeLength.sum": {
            "value": 50300.0,
            "min": 48824.0,
            "max": 50300.0,
            "count": 37
        },
        "DiffV2Agent.Environment.CumulativeReward.mean": {
            "value": 3.307877931721648,
            "min": 0.971234205349714,
            "max": 3.307877931721648,
            "count": 37
        },
        "DiffV2Agent.Environment.CumulativeReward.sum": {
            "value": 1438.9269002989167,
            "min": 162.88793070730753,
            "max": 1911.7100864510285,
            "count": 37
        },
        "DiffV2Agent.Policy.ExtrinsicReward.mean": {
            "value": 3.307877931721648,
            "min": 0.971234205349714,
            "max": 3.307877931721648,
            "count": 37
        },
        "DiffV2Agent.Policy.ExtrinsicReward.sum": {
            "value": 1438.9269002989167,
            "min": 162.88793070730753,
            "max": 1911.7100864510285,
            "count": 37
        },
        "DiffV2Agent.Losses.PolicyLoss.mean": {
            "value": 0.023389466582642248,
            "min": 0.019785627176364264,
            "max": 0.029200659937535723,
            "count": 37
        },
        "DiffV2Agent.Losses.PolicyLoss.sum": {
            "value": 0.11694733291321124,
            "min": 0.08615372425410896,
            "max": 0.1460032996876786,
            "count": 37
        },
        "DiffV2Agent.Losses.ValueLoss.mean": {
            "value": 0.08035814156134924,
            "min": 0.0062954805884510275,
            "max": 0.1144758018354575,
            "count": 37
        },
        "DiffV2Agent.Losses.ValueLoss.sum": {
            "value": 0.4017907078067462,
            "min": 0.03147740294225514,
            "max": 0.5723790091772875,
            "count": 37
        },
        "DiffV2Agent.Policy.LearningRate.mean": {
            "value": 0.0002945160959731296,
            "min": 0.0002945160959731296,
            "max": 0.0002999231077748618,
            "count": 37
        },
        "DiffV2Agent.Policy.LearningRate.sum": {
            "value": 0.001472580479865648,
            "min": 0.0011816989769173327,
            "max": 0.0014989224393484114,
            "count": 37
        },
        "DiffV2Agent.Policy.Epsilon.mean": {
            "value": 0.19817203138172032,
            "min": 0.19817203138172032,
            "max": 0.19997436924974366,
            "count": 37
        },
        "DiffV2Agent.Policy.Epsilon.sum": {
            "value": 0.9908601569086016,
            "min": 0.7938996569389967,
            "max": 0.9996408129964083,
            "count": 37
        },
        "DiffV2Agent.Policy.Beta.mean": {
            "value": 0.0049087843659478434,
            "min": 0.0049087843659478434,
            "max": 0.004998721025562211,
            "count": 37
        },
        "DiffV2Agent.Policy.Beta.sum": {
            "value": 0.024543921829739218,
            "min": 0.019695592881255927,
            "max": 0.024982076568520768,
            "count": 37
        },
        "DiffV2Agent.IsTraining.mean": {
            "value": 1.0,
            "min": 1.0,
            "max": 1.0,
            "count": 37
        },
        "DiffV2Agent.IsTraining.sum": {
            "value": 1.0,
            "min": 1.0,
            "max": 1.0,
            "count": 37
        }
    },
    "metadata": {
        "timer_format_version": "0.1.0",
        "start_time_seconds": "1754853630",
        "python_version": "3.9.6 (default, Mar 12 2025, 20:22:46) \n[Clang 17.0.0 (clang-1700.0.13.3)]",
        "command_line_arguments": "/Users/maximilian/.local/share/virtualenvs/config-WKQoqqDy/bin/mlagents-learn configuration.yaml --run-id=SingleTrainingTimeOutZero",
        "mlagents_version": "0.30.0",
        "mlagents_envs_version": "0.30.0",
        "communication_protocol_version": "1.5.0",
        "pytorch_version": "1.11.0",
        "numpy_version": "1.21.2",
        "end_time_seconds": "1754860088"
    },
    "total": 6458.104934375,
    "count": 1,
    "self": 0.003741542000170739,
    "children": {
        "run_training.setup": {
            "total": 0.01953570800000004,
            "count": 1,
            "self": 0.01953570800000004
        },
        "TrainerController.start_learning": {
            "total": 6458.081657125,
            "count": 1,
            "self": 13.897785257955547,
            "children": {
                "TrainerController._reset_env": {
                    "total": 18.487457208000002,
                    "count": 1,
                    "self": 18.487457208000002
                },
                "TrainerController.advance": {
                    "total": 6425.6476929510445,
                    "count": 1883454,
                    "self": 13.342191273940443,
                    "children": {
                        "env_step": {
                            "total": 6209.867481709125,
                            "count": 1883454,
                            "self": 5912.742146417943,
                            "children": {
                                "SubprocessEnvManager._take_step": {
                                    "total": 287.7533963421986,
                                    "count": 1883454,
                                    "self": 30.943470716720867,
                                    "children": {
                                        "TorchPolicy.evaluate": {
                                            "total": 256.8099256254777,
                                            "count": 1870571,
                                            "self": 256.8099256254777
                                        }
                                    }
                                },
                                "workers": {
                                    "total": 9.371938948983516,
                                    "count": 1883453,
                                    "self": 0.0,
                                    "children": {
                                        "worker_root": {
                                            "total": 6359.058889778829,
                                            "count": 1883453,
                                            "is_parallel": true,
                                            "self": 1046.8848713733178,
                                            "children": {
                                                "steps_from_proto": {
                                                    "total": 0.000684291999998976,
                                                    "count": 1,