{
    "name": "root",
    "metadata": {
        "timer_format_version": "0.1.0",
        "start_time_seconds": "1757154807",
        "python_version": "3.9.6 (default, Mar 12 2025, 20:22:46) \n[Clang 17.0.0 (clang-1700.0.13.3)]",
        "command_line_arguments": "/Users/maximilian/.local/share/virtualenvs/config-6tAeTmUk/bin/mlagents-learn configuration.yaml --run-id=Milestones_13-MilestonePay_3-Beta_0.01_TimePunish-0.005_HolePunish-1_Decision-5_NearestHoles-6_Boards-4_Interpolation-0.25_TiltSpeed-100",
        "mlagents_version": "0.30.0",
        "mlagents_envs_version": "0.30.0",
        "communication_protocol_version": "1.5.0",
        "pytorch_version": "1.11.0",
        "numpy_version": "1.21.2",
        "end_time_seconds": "1757154940"
    },
    "total": 132.985750417,
    "count": 1,
    "self": 0.0025749999999788997,
    "children": {
        "run_training.setup": {
            "total": 0.017701999999999996,
            "count": 1,
            "self": 0.017701999999999996
        },
        "TrainerController.start_learning": {
            "total": 132.965473417,
            "count": 1,
            "self": 0.06484052099969517,
            "children": {
                "TrainerController._reset_env": {
                    "total": 8.734151041999999,
                    "count": 1,
                    "self": 8.734151041999999
                },
                "TrainerController.advance": {
                    "total": 124.08261622900032,
                    "count": 8541,
                    "self": 0.05770407300114755,
                    "children": {
                        "env_step": {
                            "total": 121.04738356499962,
                            "count": 8541,
                            "self": 119.0279993419997,
                            "children": {
                                "SubprocessEnvManager._take_step": {
                                    "total": 1.9789788830003445,
                                    "count": 8541,
                                    "self": 0.13387671600000317,
                                    "children": {
                                        "TorchPolicy.evaluate": {
                                            "total": 1.8451021670003414,
                                            "count": 7684,
                                            "self": 1.8451021670003414
                                        }
                                    }
                                },
                                "workers": {
                                    "total": 0.04040533999957141,
                                    "count": 8540,
                                    "self": 0.0,
                                    "children": {
                                        "worker_root": {
                                            "total": 63.10675754699994,
                                            "count": 8540,
                                            "is_parallel": true,
                                            "self": 7.7027985920000575,
                                            "children": {
                                                "steps_from_proto": {
                                                    "total": 0.0002539580000000541,
                                                    "count": 1,
                                                    "is_parallel": true,
                                                    "self": 8.845699999859846e-05,
                                                    "children": {
                                                        "_process_rank_one_or_two_observation": {
                                                            "total": 0.00016550100000145562,
                                                            "count": 2,
                                                            "is_parallel": true,
                                                            "self": 0.00016550100000145562
                                                        }
                                                    }
                                                },
                                                "UnityEnvironment.step": {
                                                    "total": 55.40370499699988,
                                                    "count": 8540,
                                                    "is_parallel": true,
                                                    "self": 0.21269260399913037,
                                                    "children": {
                                                        "UnityEnvironment._generate_step_input": {
                                                            "total": 0.7476285100002791,
                                                            "count": 8540,
                                                            "is_parallel": true,
                                                            "self": 0.7476285100002791
                                                        },
                                                        "communicator.exchange": {
                                                            "total": 53.84258660900018,
                                                            "count": 8540,
                                                            "is_parallel": true,
                                                            "self": 53.84258660900018
                                                        },
                                                        "steps_from_proto": {
                                                            "total": 0.6007972740002874,
                                                            "count": 8540,
                                                            "is_parallel": true,
                                                            "self": 0.25702904199971854,
                                                            "children": {
                                                                "_process_rank_one_or_two_observation": {
                                                                    "total": 0.34376823200056883,
                                                                    "count": 17080,
                                                                    "is_parallel": true,
                                                                    "self": 0.34376823200056883
                                                                }
                                                            }
                                                        }
                                                    }
                                                }
                                            }
                                        }
                                    }
                                }
                            }
                        },
                        "trainer_advance": {
                            "total": 2.977528590999551,
                            "count": 8540,
                            "self": 0.07551226199980121,
                            "children": {
                                "process_trajectory": {
                                    "total": 1.0250117869997482,
                                    "count": 8540,
                                    "self": 1.0250117869997482
                                },
                                "_update_policy": {
                                    "total": 1.8770045420000017,
                                    "count": 2,
                                    "self": 1.1851302120000256,
                                    "children": {
                                        "TorchPPOOptimizer.update": {
                                            "total": 0.6918743299999761,