{
    "name": "root",
    "gauges": {
        "OriginalLevel.Policy.Entropy.mean": {
            "value": 1.2913987636566162,
            "min": 1.2913987636566162,
            "max": 1.415146827697754,
            "count": 7
        },
        "OriginalLevel.Policy.Entropy.sum": {
            "value": 129186.3671875,
            "min": 129186.3671875,
            "max": 141599.59375,
            "count": 7
        },
        "OriginalLevel.Environment.EpisodeLength.mean": {
            "value": 14.147704893198,
            "min": 14.147704893198,
            "max": 54.44179600886918,
            "count": 7
        },
        "OriginalLevel.Environment.EpisodeLength.sum": {
            "value": 93389.0,
            "min": 93389.0,
            "max": 98213.0,
            "count": 7
        },
        "OriginalLevel.achieved_checkpoints.mean": {
            "value": 38.14134222087562,
            "min": 26.747782705099777,
            "max": 38.14134222087562,
            "count": 7
        },
        "OriginalLevel.achieved_checkpoints.sum": {
            "value": 251771.0,
            "min": 48253.0,
            "max": 251771.0,
            "count": 7
        },
        "OriginalLevel.progress_norm.mean": {
            "value": 0.07028187833666585,
            "min": 0.04933386707907912,
            "max": 0.07028187833666585,
            "count": 7
        },
        "OriginalLevel.progress_norm.sum": {
            "value": 463.93067890033126,
            "min": 88.99829621065874,
            "max": 463.93067890033126,
            "count": 7
        },
        "OriginalLevel.Step.mean": {
            "value": 699983.0,
            "min": 99998.0,
            "max": 699983.0,
            "count": 7
        },
        "OriginalLevel.Step.sum": {
            "value": 699983.0,
            "min": 99998.0,
            "max": 699983.0,
            "count": 7
        },
        "OriginalLevel.Policy.ExtrinsicValueEstimate.mean": {
            "value": 4.921584606170654,
            "min": -0.10488107055425644,
            "max": 4.921584606170654,
            "count": 7
        },
        "OriginalLevel.Policy.ExtrinsicValueEstimate.sum": {
            "value": 32881.10546875,
            "min": -260.3148193359375,
            "max": 32881.10546875,
            "count": 7
        },
        "OriginalLevel.Environment.CumulativeReward.mean": {
            "value": 10.212964436307114,
            "min": 6.296621800829562,
            "max": 10.212964436307114,
            "count": 7
        },
        "OriginalLevel.Environment.CumulativeReward.sum": {
            "value": 67415.77824406326,
            "min": 11352.8091068957,
            "max": 67415.77824406326,
            "count": 7
        },
        "OriginalLevel.Policy.ExtrinsicReward.mean": {
            "value": 10.212964436307114,
            "min": 6.296621800829562,
            "max": 10.212964436307114,
            "count": 7
        },
        "OriginalLevel.Policy.ExtrinsicReward.sum": {
            "value": 67415.77824406326,
            "min": 11352.8091068957,
            "max": 67415.77824406326,
            "count": 7
        },
        "OriginalLevel.Losses.PolicyLoss.mean": {
            "value": 0.01693227126495913,
            "min": 0.015226695487120499,
            "max": 0.01856350346157948,
            "count": 7
        },
        "OriginalLevel.Losses.PolicyLoss.sum": {
            "value": 0.08466135632479564,
            "min": 0.07425401384631793,
            "max": 0.08466135632479564,
            "count": 7
        },
        "OriginalLevel.Losses.ValueLoss.mean": {
            "value": 1.1327446007728577,
            "min": 0.7438223493099213,
            "max": 2.3695543020963665,
            "count": 7
        },
        "OriginalLevel.Losses.ValueLoss.sum": {
            "value": 5.6637230038642885,
            "min": 3.7191117465496064,
            "max": 9.478217208385466,
            "count": 7
        },
        "OriginalLevel.Policy.LearningRate.mean": {
            "value": 0.0002980323336362123,
            "min": 0.0002980323336362123,
            "max": 0.00029984622154972164,
            "count": 7
        },
        "OriginalLevel.Policy.LearningRate.sum": {
            "value": 0.0014901616681810615,
            "min": 0.0011993848861988866,
            "max": 0.0014978463366963513,
            "count": 7
        },
        "OriginalLevel.Policy.Epsilon.mean": {
            "value": 0.19934411099344115,
            "min": 0.19934411099344115,
            "max": 0.1999487404994874,
            "count": 7
        },
        "OriginalLevel.Policy.Epsilon.sum": {
            "value": 0.9967205549672058,
            "min": 0.7997949619979496,
            "max": 0.9992821119928211,
            "count": 7
        },
        "OriginalLevel.Policy.Beta.mean": {
            "value": 0.004967271138572711,
            "min": 0.004967271138572711,
            "max": 0.004997442150924422,
            "count": 7
        },
        "OriginalLevel.Policy.Beta.sum": {
            "value": 0.024836355692863556,
            "min": 0.019989768603697687,
            "max": 0.024964177388441776,
            "count": 7
        },
        "OriginalLevel.IsTraining.mean": {
            "value": 1.0,
            "min": 1.0,
            "max": 1.0,
            "count": 7
        },
        "OriginalLevel.IsTraining.sum": {
            "value": 1.0,
            "min": 1.0,
            "max": 1.0,
            "count": 7
        }
    },
    "metadata": {
        "timer_format_version": "0.1.0",
        "start_time_seconds": "1757071147",
        "python_version": "3.9.6 (default, Mar 12 2025, 20:22:46) \n[Clang 17.0.0 (clang-1700.0.13.3)]",
        "command_line_arguments": "/Users/maximilian/.local/share/virtualenvs/config-6tAeTmUk/bin/mlagents-learn configuration.yaml --run-id=SVGScaledParamters_HoleObservation-8",
        "mlagents_version": "0.30.0",
        "mlagents_envs_version": "0.30.0",
        "communication_protocol_version": "1.5.0",
        "pytorch_version": "1.11.0",
        "numpy_version": "1.21.2",
        "end_time_seconds": "1757072951"
    },
    "total": 1804.201538208,
    "count": 1,
    "self": 0.003886500000135129,
    "children": {
        "run_training.setup": {
            "total": 0.017729082999999868,
            "count": 1,
            "self": 0.017729082999999868
        },
        "TrainerController.start_learning": {
            "total": 1804.179922625,
            "count": 1,
            "self": 1.7869069370099169,
            "children": {
                "TrainerController._reset_env": {
                    "total": 22.741069333,
                    "count": 1,
                    "self": 22.741069333
                },
                "TrainerController.advance": {
                    "total": 1779.57971414599,
                    "count": 212663,
                    "self": 1.5680592660232833,
                    "children": {
                        "env_step": {
                            "total": 1675.6587798650203,
                            "count": 212663,
                            "self": 1622.981287182027,
                            "children": {
                                "SubprocessEnvManager._take_step": {
                                    "total": 51.55944021100342,
                                    "count": 212663,
                                    "self": 3.5997771179789453,
                                    "children": {
                                        "TorchPolicy.evaluate": {
                                            "total": 47.959663093024474,
                                            "count": 182444,
                                            "self": 47.959663093024474
                                        }
                                    }
                                },
                                "workers": {
                                    "total": 1.1180524719897988,