{
    "name": "root",
    "gauges": {
        "FixedOberservation.Policy.Entropy.mean": {
            "value": 3.803964853286743,
            "min": 1.4319496154785156,
            "max": 3.803964853286743,
            "count": 54
        },
        "FixedOberservation.Policy.Entropy.sum": {
            "value": 379803.0625,
            "min": 143275.15625,
            "max": 379803.0625,
            "count": 54
        },
        "FixedOberservation.Environment.EpisodeLength.mean": {
            "value": 101.25766871165644,
            "min": 22.788109393579074,
            "max": 115.04287369640788,
            "count": 54
        },
        "FixedOberservation.Environment.EpisodeLength.sum": {
            "value": 99030.0,
            "min": 95824.0,
            "max": 99282.0,
            "count": 54
        },
        "FixedOberservation.achieved_checkpoints.mean": {
            "value": 102.13905930470348,
            "min": 29.13809990205681,
            "max": 107.2847533632287,
            "count": 54
        },
        "FixedOberservation.achieved_checkpoints.sum": {
            "value": 99892.0,
            "min": 89250.0,
            "max": 128058.0,
            "count": 54
        },
        "FixedOberservation.progress_norm.mean": {
            "value": 0.17223183032323308,
            "min": 0.049115440800255136,
            "max": 0.1808409680061109,
            "count": 54
        },
        "FixedOberservation.progress_norm.sum": {
            "value": 168.44273005612195,
            "min": 150.44059517118149,
            "max": 216.02638180553913,
            "count": 54
        },
        "FixedOberservation.Step.mean": {
            "value": 5399982.0,
            "min": 99991.0,
            "max": 5399982.0,
            "count": 54
        },
        "FixedOberservation.Step.sum": {
            "value": 5399982.0,
            "min": 99991.0,
            "max": 5399982.0,
            "count": 54
        },
        "FixedOberservation.Policy.ExtrinsicValueEstimate.mean": {
            "value": 3.18346905708313,
            "min": 0.9214502573013306,
            "max": 3.4005331993103027,
            "count": 54
        },
        "FixedOberservation.Policy.ExtrinsicValueEstimate.sum": {
            "value": 3135.717041015625,
            "min": 2736.87548828125,
            "max": 4502.2080078125,
            "count": 54
        },
        "FixedOberservation.Environment.CumulativeReward.mean": {
            "value": 8.4230191053057,
            "min": 2.393976183497462,
            "max": 8.794606235675982,
            "count": 54
        },
        "FixedOberservation.Environment.CumulativeReward.sum": {
            "value": 8237.712684988976,
            "min": 7223.537125632167,
            "max": 11089.606109887362,
            "count": 54
        },
        "FixedOberservation.Policy.ExtrinsicReward.mean": {
            "value": 8.4230191053057,
            "min": 2.393976183497462,
            "max": 8.794606235675982,
            "count": 54
        },
        "FixedOberservation.Policy.ExtrinsicReward.sum": {
            "value": 8237.712684988976,
            "min": 7223.537125632167,
            "max": 11089.606109887362,
            "count": 54
        },
        "FixedOberservation.Losses.PolicyLoss.mean": {
            "value": 0.02353610599180684,
            "min": 0.020680458568191777,
            "max": 0.02583971321505184,
            "count": 54
        },
        "FixedOberservation.Losses.PolicyLoss.sum": {
            "value": 0.23536105991806838,
            "min": 0.19261502374429254,
            "max": 0.2583971321505184,
            "count": 54
        },
        "FixedOberservation.Losses.ValueLoss.mean": {
            "value": 0.981160304347674,
            "min": 0.019685256881639364,
            "max": 1.021148962378502,
            "count": 54
        },
        "FixedOberservation.Losses.ValueLoss.sum": {
            "value": 9.81160304347674,
            "min": 0.19685256881639362,
            "max": 10.211489623785019,
            "count": 54
        },
        "FixedOberservation.Policy.LearningRate.mean": {
            "value": 0.0002839547904879528,
            "min": 0.0002839547904879528,
            "max": 0.00029984570104989,
            "count": 54
        },
        "FixedOberservation.Policy.LearningRate.sum": {
            "value": 0.002839547904879528,
            "min": 0.002558241237835348,
            "max": 0.0029955338924440413,
            "count": 54
        },
        "FixedOberservation.Policy.Epsilon.mean": {
            "value": 0.19465159504651602,
            "min": 0.19465159504651602,
            "max": 0.19994856699948568,
            "count": 54
        },
        "FixedOberservation.Policy.Epsilon.sum": {
            "value": 1.9465159504651601,
            "min": 1.7527470635274707,
            "max": 1.9985112969851133,
            "count": 54
        },
        "FixedOberservation.Policy.Beta.mean": {
            "value": 0.04732633236375332,
            "min": 0.04732633236375332,
            "max": 0.04997428864304289,
            "count": 54
        },
        "FixedOberservation.Policy.Beta.sum": {
            "value": 0.4732633236375332,
            "min": 0.4263782570573825,
            "max": 0.499255797362858,
            "count": 54
        },
        "FixedOberservation.IsTraining.mean": {
            "value": 1.0,
            "min": 1.0,
            "max": 1.0,
            "count": 54
        },
        "FixedOberservation.IsTraining.sum": {
            "value": 1.0,
            "min": 1.0,
            "max": 1.0,
            "count": 54
        }
    },
    "metadata": {
        "timer_format_version": "0.1.0",
        "start_time_seconds": "1757410901",
        "python_version": "3.9.6 (default, Mar 12 2025, 20:22:46) \n[Clang 17.0.0 (clang-1700.0.13.3)]",
        "command_line_arguments": "/Users/maximilian/.local/share/virtualenvs/config-6tAeTmUk/bin/mlagents-learn configuration_new.yaml --run-id=Milestones_10-MilestonePay_1-HolePunishment_0.2-Reward_0.5-Decision_3-Beta_0.05-StackedVectors_15-Boards_4-Tiltspeed_90-Batch_1024-Buffer_10240-HiddenUnits_512-NoWallRayInformation",
        "mlagents_version": "0.30.0",
        "mlagents_envs_version": "0.30.0",
        "communication_protocol_version": "1.5.0",
        "pytorch_version": "1.11.0",
        "numpy_version": "1.21.2",
        "end_time_seconds": "1757429734"
    },
    "total": 18833.310756125,
    "count": 1,
    "self": 0.006138332999398699,
    "children": {
        "run_training.setup": {
            "total": 0.02093404199999993,
            "count": 1,
            "self": 0.02093404199999993
        },
        "TrainerController.start_learning": {
            "total": 18833.28368375,
            "count": 1,
            "self": 11.365372321015457,
            "children": {
                "TrainerController._reset_env": {
                    "total": 7.372697167,
                    "count": 1,
                    "self": 7.372697167
                },
                "TrainerController.advance": {
                    "total": 18814.394334969984,
                    "count": 1419764,
                    "self": 10.556095649655617,
                    "children": {
                        "env_step": {
                            "total": 18133.103224707065,
                            "count": 1419764,
                            "self": 17713.210225906456,
                            "children": {
                                "SubprocessEnvManager._take_step": {
                                    "total": 412.28697511563394,
                                    "count": 1419764,
                                    "self": 27.258705227313385,
                                    "children": {
                                        "TorchPolicy.evaluate": {
                                            "total": 385.02826988832055,