{"count":1,"self":33815.9239168,"total":60024.20942,"children":{"InitializeActuators":{"count":8,"self":0.0029955,"total":0.0029955,"children":null},"InitializeSensors":{"count":8,"self":0.0030004999999999997,"total":0.0030004999999999997,"children":null},"AgentSendState":{"count":5663184,"self":47.8867104,"total":3324.3259160999996,"children":{"CollectObservations":{"count":7550912,"self":3124.5727744,"total":3124.5726876999997,"children":null},"WriteActionMask":{"count":7550912,"self":5.7770307999999995,"total":5.7770307,"children":null},"RequestDecision":{"count":7550912,"self":27.295648,"total":146.0894868,"children":{"AgentInfo.ToProto":{"count":7550912,"self":23.4059536,"total":118.7938379,"children":{"GenerateSensorData":{"count":7550912,"self":95.3878848,"total":95.3878845,"children":null}}}}}}},"DecideAction":{"count":5663184,"self":12842.775347199999,"total":12842.775485,"children":null},"AgentAct":{"count":5663184,"self":10038.735667199999,"total":10038.7438843,"children":{"AgentInfo.ToProto":{"count":295,"self":0.0019475999999999999,"total":0.0079475999999999991,"children":{"GenerateSensorData":{"count":295,"self":0.006,"total":0.006,"children":null}}}}},"AgentInfo.ToProto":{"count":95710,"self":0.7740005,"total":2.4339239,"children":{"GenerateSensorData":{"count":95710,"self":1.6599233999999998,"total":1.6599233999999998,"children":null}}}},"gauges":{"FixedOberservation.CumulativeReward":{"count":96005,"max":25.120409,"min":-2.400346,"runningAverage":7.225512,"value":12.0160227,"weightedAverage":10.1433735}},"metadata":{"timer_format_version":"0.1.0","start_time_seconds":"1757370002","unity_version":"2022.3.9f1","command_line_arguments":"C:\\Program Files\\Unity\\Hub\\Editor\\2022.3.9f1\\Editor\\Unity.exe -projectpath C:\\Users\\Maximilian\\Documents\\marble-maze -acceptSoftwareTermsForThisRunOnly -useHub -hubIPC -cloudEnvironment production -licensingIpc LicenseClient-95FFPvBSAaztR5fIOTuLY -hubSessionId 04810119-4e85-4c3c-b8a8-f03bcc10be19 -accessToken 1sQbwk0NEaxMgy0rStxwBOjjwF7ica_qKxzusI6mNCc008f","communication_protocol_version":"1.5.0","com.unity.ml-agents_version":"2.0.1","scene_name":"staticLevel","end_time_seconds":"1757430026"}}