{
    "name": "root",
    "gauges": {
        "OriginalLevel.Policy.Entropy.mean": {
            "value": 1.4190163612365723,
            "min": 1.3937715291976929,
            "max": 1.468146562576294,
            "count": 30
        },
        "OriginalLevel.Policy.Entropy.sum": {
            "value": 141986.78125,
            "min": 139327.203125,
            "max": 146785.296875,
            "count": 30
        },
        "OriginalLevel.Environment.EpisodeLength.mean": {
            "value": 91.73005565862708,
            "min": 57.66725352112676,
            "max": 127.198973042362,
            "count": 30
        },
        "OriginalLevel.Environment.EpisodeLength.sum": {
            "value": 98885.0,
            "min": 98217.0,
            "max": 99233.0,
            "count": 30
        },
        "OriginalLevel.achieved_checkpoints.mean": {
            "value": 54.8469387755102,
            "min": 29.618374558303888,
            "max": 54.88705473501303,
            "count": 30
        },
        "OriginalLevel.achieved_checkpoints.sum": {
            "value": 59125.0,
            "min": 37623.0,
            "max": 89264.0,
            "count": 30
        },
        "OriginalLevel.progress_norm.mean": {
            "value": 0.09259893971189496,
            "min": 0.04991467876692475,
            "max": 0.09268356058633297,
            "count": 30
        },
        "OriginalLevel.progress_norm.sum": {
            "value": 99.82165700942278,
            "min": 63.4077225420624,
            "max": 150.72321524843574,
            "count": 30
        },
        "OriginalLevel.Step.mean": {
            "value": 2999998.0,
            "min": 99966.0,
            "max": 2999998.0,
            "count": 30
        },
        "OriginalLevel.Step.sum": {
            "value": 2999998.0,
            "min": 99966.0,
            "max": 2999998.0,
            "count": 30
        },
        "OriginalLevel.Policy.ExtrinsicValueEstimate.mean": {
            "value": 0.4481891393661499,
            "min": -0.43986666202545166,
            "max": 2.202584743499756,
            "count": 30
        },
        "OriginalLevel.Policy.ExtrinsicValueEstimate.sum": {
            "value": 925.958740234375,
            "min": -851.1419677734375,
            "max": 5557.12109375,
            "count": 30
        },
        "OriginalLevel.Environment.CumulativeReward.mean": {
            "value": 14.315492406128401,
            "min": 6.384094137983623,
            "max": 14.577469256772387,
            "count": 30
        },
        "OriginalLevel.Environment.CumulativeReward.sum": {
            "value": 15446.416306212544,
            "min": 9086.112949930131,
            "max": 24710.028398543596,
            "count": 30
        },
        "OriginalLevel.Policy.ExtrinsicReward.mean": {
            "value": 14.315492406128401,
            "min": 6.384094137983623,
            "max": 14.577469256772387,
            "count": 30
        },
        "OriginalLevel.Policy.ExtrinsicReward.sum": {
            "value": 15446.416306212544,
            "min": 9086.112949930131,
            "max": 24710.028398543596,
            "count": 30
        },
        "OriginalLevel.Losses.PolicyLoss.mean": {
            "value": 0.024472881013837954,
            "min": 0.021589290752524026,
            "max": 0.02538296216495197,
            "count": 30
        },
        "OriginalLevel.Losses.PolicyLoss.sum": {
            "value": 0.24472881013837955,
            "min": 0.19430361677271624,
            "max": 0.2519343978570153,
            "count": 30
        },
        "OriginalLevel.Losses.ValueLoss.mean": {
            "value": 0.7360981747508049,
            "min": 0.41052739048997566,
            "max": 3.1620941098531086,
            "count": 30
        },
        "OriginalLevel.Losses.ValueLoss.sum": {
            "value": 7.360981747508048,
            "min": 4.105273904899756,
            "max": 31.620941098531087,
            "count": 30
        },
        "OriginalLevel.Policy.LearningRate.mean": {
            "value": 0.0002911429375637844,
            "min": 0.0002911429375637844,
            "max": 0.00029984598504979816,
            "count": 30
        },
        "OriginalLevel.Policy.LearningRate.sum": {
            "value": 0.0029114293756378443,
            "min": 0.0026284702551279586,
            "max": 0.002995534297443911,
            "count": 30
        },
        "OriginalLevel.Policy.Epsilon.mean": {
            "value": 0.19704764487047643,
            "min": 0.19704764487047643,
            "max": 0.1999486616661533,
            "count": 30
        },
        "OriginalLevel.Policy.Epsilon.sum": {
            "value": 1.9704764487047643,
            "min": 1.7761567437615673,
            "max": 1.9985114319851145,
            "count": 30
        },
        "OriginalLevel.Policy.Beta.mean": {
            "value": 0.009705059722560597,
            "min": 0.009705059722560597,
            "max": 0.009994871300448713,
            "count": 30
        },
        "OriginalLevel.Policy.Beta.sum": {
            "value": 0.09705059722560597,
            "min": 0.08761805870178058,
            "max": 0.09985129205531292,
            "count": 30
        },
        "OriginalLevel.IsTraining.mean": {
            "value": 1.0,
            "min": 1.0,
            "max": 1.0,
            "count": 30
        },
        "OriginalLevel.IsTraining.sum": {
            "value": 1.0,
            "min": 1.0,
            "max": 1.0,
            "count": 30
        }
    },
    "metadata": {
        "timer_format_version": "0.1.0",
        "start_time_seconds": "1757155021",
        "python_version": "3.9.6 (default, Mar 12 2025, 20:22:46) \n[Clang 17.0.0 (clang-1700.0.13.3)]",
        "command_line_arguments": "/Users/maximilian/.local/share/virtualenvs/config-6tAeTmUk/bin/mlagents-learn configuration.yaml --run-id=Milestones_10-MilestonePay_3-Beta_0.01_TimePunish-0.005_HolePunish-2_Decision-5_NearestHoles-6_Boards-4_Interpolation-0.25_TiltSpeed-100_TimoutPunish-3",
        "mlagents_version": "0.30.0",
        "mlagents_envs_version": "0.30.0",
        "communication_protocol_version": "1.5.0",
        "pytorch_version": "1.11.0",
        "numpy_version": "1.21.2",
        "end_time_seconds": "1757162184"
    },
    "total": 7162.882529750001,
    "count": 1,
    "self": 0.006812542000261601,
    "children": {
        "run_training.setup": {
            "total": 0.01920712499999999,
            "count": 1,
            "self": 0.01920712499999999
        },
        "TrainerController.start_learning": {
            "total": 7162.856510083,
            "count": 1,
            "self": 6.04829828084803,
            "children": {
                "TrainerController._reset_env": {
                    "total": 11.635363875,
                    "count": 1,
                    "self": 11.635363875
                },
                "TrainerController.advance": {
                    "total": 7145.103882719152,
                    "count": 785167,
                    "self": 5.726110055812569,
                    "children": {
                        "env_step": {
                            "total": 6775.43667158604,
                            "count": 785167,
                            "self": 6581.396337843654,
                            "children": {
                                "SubprocessEnvManager._take_step": {
                                    "total": 190.03395790864394,
                                    "count": 785167,
                                    "self": 13.019170891738753,
                                    "children": {
                                        "TorchPolicy.evaluate": {
                                            "total": 177.0147870169052,
                                            "count": 756244,