{
    "name": "root",
    "gauges": {
        "DiffV2Agent.Policy.Entropy.mean": {
            "value": 1.4326233863830566,
            "min": 1.4267454147338867,
            "max": 1.4333244562149048,
            "count": 3
        },
        "DiffV2Agent.Policy.Entropy.sum": {
            "value": 71704.234375,
            "min": 71361.5234375,
            "max": 71704.234375,
            "count": 3
        },
        "DiffV2Agent.Step.mean": {
            "value": 149996.0,
            "min": 49980.0,
            "max": 149996.0,
            "count": 3
        },
        "DiffV2Agent.Step.sum": {
            "value": 149996.0,
            "min": 49980.0,
            "max": 149996.0,
            "count": 3
        },
        "DiffV2Agent.Policy.ExtrinsicValueEstimate.mean": {
            "value": -0.043692052364349365,
            "min": -0.043692052364349365,
            "max": 0.09046798199415207,
            "count": 3
        },
        "DiffV2Agent.Policy.ExtrinsicValueEstimate.sum": {
            "value": -44.172664642333984,
            "min": -44.172664642333984,
            "max": 103.49322509765625,
            "count": 3
        },
        "DiffV2Agent.Environment.EpisodeLength.mean": {
            "value": 139.13091922005572,
            "min": 78.65273311897106,
            "max": 139.13091922005572,
            "count": 3
        },
        "DiffV2Agent.Environment.EpisodeLength.sum": {
            "value": 49948.0,
            "min": 48922.0,
            "max": 49948.0,
            "count": 3
        },
        "DiffV2Agent.Environment.CumulativeReward.mean": {
            "value": 0.043231727664351134,
            "min": 0.043231727664351134,
            "max": 0.2933548074701493,
            "count": 3
        },
        "DiffV2Agent.Environment.CumulativeReward.sum": {
            "value": 15.520190231502056,
            "min": 15.520190231502056,
            "max": 182.760045053903,
            "count": 3
        },
        "DiffV2Agent.Policy.ExtrinsicReward.mean": {
            "value": 0.043231727664351134,
            "min": 0.043231727664351134,
            "max": 0.2933548074701493,
            "count": 3
        },
        "DiffV2Agent.Policy.ExtrinsicReward.sum": {
            "value": 15.520190231502056,
            "min": 15.520190231502056,
            "max": 182.760045053903,
            "count": 3
        },
        "DiffV2Agent.Losses.PolicyLoss.mean": {
            "value": 0.022614037921496976,
            "min": 0.022614037921496976,
            "max": 0.027776556623090677,
            "count": 3
        },
        "DiffV2Agent.Losses.PolicyLoss.sum": {
            "value": 0.11307018960748488,
            "min": 0.11110622649236271,
            "max": 0.12649059821851552,
            "count": 3
        },
        "DiffV2Agent.Losses.ValueLoss.mean": {
            "value": 0.005531370349538823,
            "min": 0.005531370349538823,
            "max": 0.0370421693349878,
            "count": 3
        },
        "DiffV2Agent.Losses.ValueLoss.sum": {
            "value": 0.027656851747694115,
            "min": 0.027656851747694115,
            "max": 0.1481686773399512,
            "count": 3
        },
        "DiffV2Agent.Policy.LearningRate.mean": {
            "value": 0.0002996304139194994,
            "min": 0.0002996304139194994,
            "max": 0.00029992303127488644,
            "count": 3
        },
        "DiffV2Agent.Policy.LearningRate.sum": {
            "value": 0.0014981520695974972,
            "min": 0.0011996921250995458,
            "max": 0.0014989225713483688,
            "count": 3
        },
        "DiffV2Agent.Policy.Epsilon.mean": {
            "value": 0.19987680459876805,
            "min": 0.19987680459876805,
            "max": 0.19997434374974338,
            "count": 3
        },
        "DiffV2Agent.Policy.Epsilon.sum": {
            "value": 0.9993840229938403,
            "min": 0.7998973749989735,
            "max": 0.9996408569964086,
            "count": 3
        },
        "DiffV2Agent.Policy.Beta.mean": {
            "value": 0.004993852549478526,
            "min": 0.004993852549478526,
            "max": 0.004998719753112198,
            "count": 3
        },
        "DiffV2Agent.Policy.Beta.sum": {
            "value": 0.02496926274739263,
            "min": 0.019994879012448792,
            "max": 0.024982078764120785,
            "count": 3
        },
        "DiffV2Agent.IsTraining.mean": {
            "value": 1.0,
            "min": 1.0,
            "max": 1.0,
            "count": 3
        },
        "DiffV2Agent.IsTraining.sum": {
            "value": 1.0,
            "min": 1.0,
            "max": 1.0,
            "count": 3
        }
    },
    "metadata": {
        "timer_format_version": "0.1.0",
        "start_time_seconds": "1754602539",
        "python_version": "3.9.6 (default, Mar 12 2025, 20:22:46) \n[Clang 17.0.0 (clang-1700.0.13.3)]",
        "command_line_arguments": "/Users/maximilian/.local/share/virtualenvs/config-WKQoqqDy/bin/mlagents-learn configuration.yaml --run-id=SingleNearestTime001",
        "mlagents_version": "0.30.0",
        "mlagents_envs_version": "0.30.0",
        "communication_protocol_version": "1.5.0",
        "pytorch_version": "1.11.0",
        "numpy_version": "1.21.2",
        "end_time_seconds": "1754603199"
    },
    "total": 659.8494189160001,
    "count": 1,
    "self": 0.0034509990001652113,
    "children": {
        "run_training.setup": {
            "total": 0.017515500000000017,
            "count": 1,
            "self": 0.017515500000000017
        },
        "TrainerController.start_learning": {
            "total": 659.828452417,
            "count": 1,
            "self": 1.2066905780073967,
            "children": {
                "TrainerController._reset_env": {
                    "total": 6.6892302500000005,
                    "count": 1,
                    "self": 6.6892302500000005
                },
                "TrainerController.advance": {
                    "total": 651.8555062139926,
                    "count": 195598,
                    "self": 1.2548322290111855,
                    "children": {
                        "env_step": {
                            "total": 631.5742814009894,
                            "count": 195598,
                            "self": 605.0430849440156,
                            "children": {
                                "SubprocessEnvManager._take_step": {
                                    "total": 25.702256523996343,
                                    "count": 195598,
                                    "self": 2.7067113920067456,
                                    "children": {
                                        "TorchPolicy.evaluate": {
                                            "total": 22.995545131989598,
                                            "count": 194187,
                                            "self": 22.995545131989598
                                        }
                                    }
                                },
                                "workers": {
                                    "total": 0.8289399329774545,
                                    "count": 195597,
                                    "self": 0.0,
                                    "children": {
                                        "worker_root": {
                                            "total": 590.1045943030142,
                                            "count": 195597,
                                            "is_parallel": true,
                                            "self": 94.85643052000813,
                                            "children": {
                                                "steps_from_proto": {
                                                    "total": 0.0006602080000002175,
                                                    "count": 1,