{
    "name": "root",
    "gauges": {
        "SVG.Policy.Entropy.mean": {
            "value": 1.3634017705917358,
            "min": 1.3634017705917358,
            "max": 1.4008724689483643,
            "count": 2
        },
        "SVG.Policy.Entropy.sum": {
            "value": 136318.359375,
            "min": 136318.359375,
            "max": 140160.09375,
            "count": 2
        },
        "SVG.Environment.EpisodeLength.mean": {
            "value": 19.450511247443764,
            "min": 19.450511247443764,
            "max": 31.712463199214916,
            "count": 2
        },
        "SVG.Environment.EpisodeLength.sum": {
            "value": 95113.0,
            "min": 95113.0,
            "max": 96945.0,
            "count": 2
        },
        "SVG.achieved_checkpoints.mean": {
            "value": 34.629447852760734,
            "min": 29.406607785410532,
            "max": 34.629447852760734,
            "count": 2
        },
        "SVG.achieved_checkpoints.sum": {
            "value": 169338.0,
            "min": 89896.0,
            "max": 169338.0,
            "count": 2
        },
        "SVG.progress_norm.mean": {
            "value": 0.0696244603567633,
            "min": 0.05910888113671567,
            "max": 0.0696244603567633,
            "count": 2
        },
        "SVG.progress_norm.sum": {
            "value": 340.4636111445725,
            "min": 180.6958496349398,
            "max": 340.4636111445725,
            "count": 2
        },
        "SVG.Step.mean": {
            "value": 199975.0,
            "min": 99990.0,
            "max": 199975.0,
            "count": 2
        },
        "SVG.Step.sum": {
            "value": 199975.0,
            "min": 99990.0,
            "max": 199975.0,
            "count": 2
        },
        "SVG.Policy.ExtrinsicValueEstimate.mean": {
            "value": 4.227047443389893,
            "min": 2.9401586055755615,
            "max": 4.227047443389893,
            "count": 2
        },
        "SVG.Policy.ExtrinsicValueEstimate.sum": {
            "value": 20704.078125,
            "min": 9937.736328125,
            "max": 20704.078125,
            "count": 2
        },
        "SVG.Environment.CumulativeReward.mean": {
            "value": 10.427172565088437,
            "min": 8.6938565523566,
            "max": 10.427172565088437,
            "count": 2
        },
        "SVG.Environment.CumulativeReward.sum": {
            "value": 50988.87384328246,
            "min": 26568.42562400177,
            "max": 50988.87384328246,
            "count": 2
        },
        "SVG.Policy.ExtrinsicReward.mean": {
            "value": 10.427172565088437,
            "min": 8.6938565523566,
            "max": 10.427172565088437,
            "count": 2
        },
        "SVG.Policy.ExtrinsicReward.sum": {
            "value": 50988.87384328246,
            "min": 26568.42562400177,
            "max": 50988.87384328246,
            "count": 2
        },
        "SVG.Losses.PolicyLoss.mean": {
            "value": 0.023531434696633373,
            "min": 0.023531434696633373,
            "max": 0.025890922517067302,
            "count": 2
        },
        "SVG.Losses.PolicyLoss.sum": {
            "value": 0.23531434696633372,
            "min": 0.23301830265360574,
            "max": 0.23531434696633372,
            "count": 2
        },
        "SVG.Losses.ValueLoss.mean": {
            "value": 0.7662656353910765,
            "min": 0.7662656353910765,
            "max": 2.196537450949351,
            "count": 2
        },
        "SVG.Losses.ValueLoss.sum": {
            "value": 7.662656353910765,
            "min": 7.662656353910765,
            "max": 19.768837058544158,
            "count": 2
        },
        "SVG.Policy.LearningRate.mean": {
            "value": 0.0002995539121442351,
            "min": 0.0002995539121442351,
            "max": 0.00029984623571638374,
            "count": 2
        },
        "SVG.Policy.LearningRate.sum": {
            "value": 0.002995539121442351,
            "min": 0.0026986161214474537,
            "max": 0.002995539121442351,
            "count": 2
        },
        "SVG.Policy.Epsilon.mean": {
            "value": 0.19985130399851303,
            "min": 0.19985130399851303,
            "max": 0.1999487452217097,
            "count": 2
        },
        "SVG.Policy.Epsilon.sum": {
            "value": 1.9985130399851303,
            "min": 1.7995387069953872,
            "max": 1.9985130399851303,
            "count": 2
        },
        "SVG.Policy.Beta.mean": {
            "value": 0.004992580069525801,
            "min": 0.004992580069525801,
            "max": 0.004997442386563313,
            "count": 2
        },
        "SVG.Policy.Beta.sum": {
            "value": 0.04992580069525801,
            "min": 0.04497698147906982,
            "max": 0.04992580069525801,
            "count": 2
        },
        "SVG.IsTraining.mean": {
            "value": 1.0,
            "min": 1.0,
            "max": 1.0,
            "count": 2
        },
        "SVG.IsTraining.sum": {
            "value": 1.0,
            "min": 1.0,
            "max": 1.0,
            "count": 2
        }
    },
    "metadata": {
        "timer_format_version": "0.1.0",
        "start_time_seconds": "1756053432",
        "python_version": "3.9.6 (default, Mar 12 2025, 20:22:46) \n[Clang 17.0.0 (clang-1700.0.13.3)]",
        "command_line_arguments": "/Users/maximilian/.local/share/virtualenvs/config-6tAeTmUk/bin/mlagents-learn configuration.yaml --run-id=MutipleSVG",
        "mlagents_version": "0.30.0",
        "mlagents_envs_version": "0.30.0",
        "communication_protocol_version": "1.5.0",
        "pytorch_version": "1.11.0",
        "numpy_version": "1.21.2",
        "end_time_seconds": "1756054132"
    },
    "total": 699.7238489580001,
    "count": 1,
    "self": 0.0028489999999692373,
    "children": {
        "run_training.setup": {
            "total": 0.020312500000000178,
            "count": 1,
            "self": 0.020312500000000178
        },
        "TrainerController.start_learning": {
            "total": 699.7006874580001,
            "count": 1,
            "self": 0.6512467019929318,
            "children": {
                "TrainerController._reset_env": {
                    "total": 25.899053083,
                    "count": 1,
                    "self": 25.899053083
                },
                "TrainerController.advance": {
                    "total": 673.0269345060071,
                    "count": 69407,
                    "self": 0.5599423020130416,
                    "children": {
                        "env_step": {
                            "total": 637.9095026739998,
                            "count": 69407,
                            "self": 618.2021358559825,
                            "children": {
                                "SubprocessEnvManager._take_step": {
                                    "total": 19.29643020801146,
                                    "count": 69407,
                                    "self": 1.3598462110078948,
                                    "children": {
                                        "TorchPolicy.evaluate": {
                                            "total": 17.936583997003567,
                                            "count": 61134,
                                            "self": 17.936583997003567
                                        }
                                    }
                                },
                                "workers": {
                                    "total": 0.41093661000583026,
                                    "count": 69406,
                                    "self": 0.0,
                                    "children": {
                                        "worker_root": {
                                            "total": 611.5896686800077,