{
    "name": "root",
    "gauges": {
        "MultipleAgent.Policy.Entropy.mean": {
            "value": 1.5140361785888672,
            "min": 1.4238526821136475,
            "max": 1.5140361785888672,
            "count": 10
        },
        "MultipleAgent.Policy.Entropy.sum": {
            "value": 75689.6953125,
            "min": 71431.84375,
            "max": 75689.6953125,
            "count": 10
        },
        "MultipleAgent.Environment.EpisodeLength.mean": {
            "value": 121.91334894613583,
            "min": 121.91334894613583,
            "max": 570.9638554216867,
            "count": 10
        },
        "MultipleAgent.Environment.EpisodeLength.sum": {
            "value": 52057.0,
            "min": 47051.0,
            "max": 52427.0,
            "count": 10
        },
        "MultipleAgent.Step.mean": {
            "value": 499960.0,
            "min": 49969.0,
            "max": 499960.0,
            "count": 10
        },
        "MultipleAgent.Step.sum": {
            "value": 499960.0,
            "min": 49969.0,
            "max": 499960.0,
            "count": 10
        },
        "MultipleAgent.Policy.ExtrinsicValueEstimate.mean": {
            "value": -76.98552703857422,
            "min": -140.2410430908203,
            "max": 686.6898803710938,
            "count": 10
        },
        "MultipleAgent.Policy.ExtrinsicValueEstimate.sum": {
            "value": -80218.921875,
            "min": -133088.75,
            "max": 574072.75,
            "count": 10
        },
        "MultipleAgent.Environment.CumulativeReward.mean": {
            "value": 1.2507896683504913,
            "min": 1.0467612352491178,
            "max": 2.0023248786673356,
            "count": 10
        },
        "MultipleAgent.Environment.CumulativeReward.sum": {
            "value": 534.0871883856598,
            "min": 164.13644833746366,
            "max": 534.0871883856598,
            "count": 10
        },
        "MultipleAgent.Policy.ExtrinsicReward.mean": {
            "value": 1.2507896683504913,
            "min": 1.0467612352491178,
            "max": 2.0023248786673356,
            "count": 10
        },
        "MultipleAgent.Policy.ExtrinsicReward.sum": {
            "value": 534.0871883856598,
            "min": 164.13644833746366,
            "max": 534.0871883856598,
            "count": 10
        },
        "MultipleAgent.Losses.PolicyLoss.mean": {
            "value": 0.276394330902646,
            "min": 0.03815617549892825,
            "max": 0.276394330902646,
            "count": 10
        },
        "MultipleAgent.Losses.PolicyLoss.sum": {
            "value": 1.38197165451323,
            "min": 0.152624701995713,
            "max": 1.38197165451323,
            "count": 10
        },
        "MultipleAgent.Losses.ValueLoss.mean": {
            "value": 4855.159080810547,
            "min": 112.78071250915528,
            "max": 62510.26367899577,
            "count": 10
        },
        "MultipleAgent.Losses.ValueLoss.sum": {
            "value": 24275.795404052733,
            "min": 563.9035625457764,
            "max": 250041.05471598307,
            "count": 10
        },
        "MultipleAgent.Policy.LearningRate.mean": {
            "value": 0.00029857990125916543,
            "min": 0.00029857990125916543,
            "max": 0.0002999231032748633,
            "count": 10
        },
        "MultipleAgent.Policy.LearningRate.sum": {
            "value": 0.001492899506295827,
            "min": 0.001195491139457865,
            "max": 0.0014989209453488946,
            "count": 10
        },
        "MultipleAgent.Policy.Epsilon.mean": {
            "value": 0.1995266335952663,
            "min": 0.1995266335952663,
            "max": 0.19997436774974367,
            "count": 10
        },
        "MultipleAgent.Policy.Epsilon.sum": {
            "value": 0.9976331679763315,
            "min": 0.7984970459849705,
            "max": 0.999640314996403,
            "count": 10
        },
        "MultipleAgent.Policy.Beta.mean": {
            "value": 0.004976379016403791,
            "min": 0.004976379016403791,
            "max": 0.00499872095071221,
            "count": 10
        },
        "MultipleAgent.Policy.Beta.sum": {
            "value": 0.024881895082018955,
            "min": 0.019925002594650028,
            "max": 0.02498205171832052,
            "count": 10
        },
        "MultipleAgent.IsTraining.mean": {
            "value": 1.0,
            "min": 1.0,
            "max": 1.0,
            "count": 10
        },
        "MultipleAgent.IsTraining.sum": {
            "value": 1.0,
            "min": 1.0,
            "max": 1.0,
            "count": 10
        }
    },
    "metadata": {
        "timer_format_version": "0.1.0",
        "start_time_seconds": "1754908234",
        "python_version": "3.9.6 (default, Mar 12 2025, 20:22:46) \n[Clang 17.0.0 (clang-1700.0.13.3)]",
        "command_line_arguments": "/Users/maximilian/.local/share/virtualenvs/config-WKQoqqDy/bin/mlagents-learn configuration.yaml --run-id=Decision3",
        "mlagents_version": "0.30.0",
        "mlagents_envs_version": "0.30.0",
        "communication_protocol_version": "1.5.0",
        "pytorch_version": "1.11.0",
        "numpy_version": "1.21.2",
        "end_time_seconds": "1754908811"
    },
    "total": 576.840455958,
    "count": 1,
    "self": 0.0045246669999414735,
    "children": {
        "run_training.setup": {
            "total": 0.017587666000000057,
            "count": 1,
            "self": 0.017587666000000057
        },
        "TrainerController.start_learning": {
            "total": 576.818343625,
            "count": 1,
            "self": 0.7081494579956598,
            "children": {
                "TrainerController._reset_env": {
                    "total": 7.3980872920000005,
                    "count": 1,
                    "self": 7.3980872920000005
                },
                "TrainerController.advance": {
                    "total": 568.6721880840043,
                    "count": 134548,
                    "self": 0.737819542002967,
                    "children": {
                        "env_step": {
                            "total": 526.0549973230036,
                            "count": 134548,
                            "self": 509.146294859018,
                            "children": {
                                "SubprocessEnvManager._take_step": {
                                    "total": 16.41047229999066,
                                    "count": 134548,
                                    "self": 1.6108618589969375,
                                    "children": {
                                        "TorchPolicy.evaluate": {
                                            "total": 14.799610440993721,
                                            "count": 132706,
                                            "self": 14.799610440993721
                                        }
                                    }
                                },
                                "workers": {
                                    "total": 0.49823016399496645,
                                    "count": 134547,
                                    "self": 0.0,
                                    "children": {
                                        "worker_root": {
                                            "total": 507.31813616798775,
                                            "count": 134547,
                                            "is_parallel": true,
                                            "self": 92.42373644598592,
                                            "children": {
                                                "steps_from_proto": {
                                                    "total": 0.0008719999999993178,
                                                    "count": 1,