{
    "name": "root",
    "gauges": {
        "DiffV2Agent.Policy.Entropy.mean": {
            "value": 1.4323817491531372,
            "min": 1.421262502670288,
            "max": 1.4323817491531372,
            "count": 6
        },
        "DiffV2Agent.Policy.Entropy.sum": {
            "value": 71577.546875,
            "min": 71100.1328125,
            "max": 71577.546875,
            "count": 6
        },
        "DiffV2Agent.Environment.EpisodeLength.mean": {
            "value": 267.2513368983957,
            "min": 82.19365609348915,
            "max": 267.2513368983957,
            "count": 6
        },
        "DiffV2Agent.Environment.EpisodeLength.sum": {
            "value": 49976.0,
            "min": 49234.0,
            "max": 49976.0,
            "count": 6
        },
        "DiffV2Agent.Step.mean": {
            "value": 299962.0,
            "min": 49971.0,
            "max": 299962.0,
            "count": 6
        },
        "DiffV2Agent.Step.sum": {
            "value": 299962.0,
            "min": 49971.0,
            "max": 299962.0,
            "count": 6
        },
        "DiffV2Agent.Policy.ExtrinsicValueEstimate.mean": {
            "value": 0.2579101324081421,
            "min": -0.0006392176728695631,
            "max": 0.49953266978263855,
            "count": 6
        },
        "DiffV2Agent.Policy.ExtrinsicValueEstimate.sum": {
            "value": 231.8612060546875,
            "min": -0.6289901733398438,
            "max": 508.5926513671875,
            "count": 6
        },
        "DiffV2Agent.Environment.CumulativeReward.mean": {
            "value": 1.7861628055343415,
            "min": 1.3497862657343613,
            "max": 1.7861628055343415,
            "count": 6
        },
        "DiffV2Agent.Environment.CumulativeReward.sum": {
            "value": 334.01244463492185,
            "min": 334.01244463492185,
            "max": 898.8800120789092,
            "count": 6
        },
        "DiffV2Agent.Policy.ExtrinsicReward.mean": {
            "value": 1.7861628055343415,
            "min": 1.3497862657343613,
            "max": 1.7861628055343415,
            "count": 6
        },
        "DiffV2Agent.Policy.ExtrinsicReward.sum": {
            "value": 334.01244463492185,
            "min": 334.01244463492185,
            "max": 898.8800120789092,
            "count": 6
        },
        "DiffV2Agent.Losses.PolicyLoss.mean": {
            "value": 0.02333131569515293,
            "min": 0.021554095319006594,
            "max": 0.02597030800456802,
            "count": 6
        },
        "DiffV2Agent.Losses.PolicyLoss.sum": {
            "value": 0.11665657847576465,
            "min": 0.09085534608069187,
            "max": 0.1298515400228401,
            "count": 6
        },
        "DiffV2Agent.Losses.ValueLoss.mean": {
            "value": 0.012215510907893381,
            "min": 0.012215510907893381,
            "max": 0.06944578646992644,
            "count": 6
        },
        "DiffV2Agent.Losses.ValueLoss.sum": {
            "value": 0.06107755453946691,
            "min": 0.06107755453946691,
            "max": 0.27778314587970576,
            "count": 6
        },
        "DiffV2Agent.Policy.LearningRate.mean": {
            "value": 0.00029916766346912223,
            "min": 0.00029916766346912223,
            "max": 0.0002999229600249096,
            "count": 6
        },
        "DiffV2Agent.Policy.LearningRate.sum": {
            "value": 0.0014958383173456111,
            "min": 0.0011996918400996384,
            "max": 0.0014989219353485743,
            "count": 6
        },
        "DiffV2Agent.Policy.Epsilon.mean": {
            "value": 0.19972255439722555,
            "min": 0.19972255439722555,
            "max": 0.19997431999974322,
            "count": 6
        },
        "DiffV2Agent.Policy.Epsilon.sum": {
            "value": 0.9986127719861277,
            "min": 0.7998972799989729,
            "max": 0.9996406449964064,
            "count": 6
        },
        "DiffV2Agent.Policy.Beta.mean": {
            "value": 0.009972283184282832,
            "min": 0.009972283184282832,
            "max": 0.009997434567974344,
            "count": 6
        },
        "DiffV2Agent.Policy.Beta.sum": {
            "value": 0.04986141592141416,
            "min": 0.039989738271897377,
            "max": 0.049964100435141004,
            "count": 6
        },
        "DiffV2Agent.IsTraining.mean": {
            "value": 1.0,
            "min": 1.0,
            "max": 1.0,
            "count": 6
        },
        "DiffV2Agent.IsTraining.sum": {
            "value": 1.0,
            "min": 1.0,
            "max": 1.0,
            "count": 6
        }
    },
    "metadata": {
        "timer_format_version": "0.1.0",
        "start_time_seconds": "1754869489",
        "python_version": "3.9.6 (default, Mar 12 2025, 20:22:46) \n[Clang 17.0.0 (clang-1700.0.13.3)]",
        "command_line_arguments": "/Users/maximilian/.local/share/virtualenvs/config-WKQoqqDy/bin/mlagents-learn configuration_test.yaml --run-id=Beta01Reward02NoPunishmentHole0",
        "mlagents_version": "0.30.0",
        "mlagents_envs_version": "0.30.0",
        "communication_protocol_version": "1.5.0",
        "pytorch_version": "1.11.0",
        "numpy_version": "1.21.2",
        "end_time_seconds": "1754870650"
    },
    "total": 1160.32320475,
    "count": 1,
    "self": 0.003885541000045123,
    "children": {
        "run_training.setup": {
            "total": 0.017149042000000003,
            "count": 1,
            "self": 0.017149042000000003
        },
        "TrainerController.start_learning": {
            "total": 1160.302170167,
            "count": 1,
            "self": 2.3802877049927247,
            "children": {
                "TrainerController._reset_env": {
                    "total": 17.422289125,
                    "count": 1,
                    "self": 17.422289125
                },
                "TrainerController.advance": {
                    "total": 1140.4331715040073,
                    "count": 335087,
                    "self": 2.34549931496349,
                    "children": {
                        "env_step": {
                            "total": 1103.0712913790196,
                            "count": 335087,
                            "self": 1052.9154041870129,
                            "children": {
                                "SubprocessEnvManager._take_step": {
                                    "total": 48.516808683027975,
                                    "count": 335087,
                                    "self": 5.1718158809944725,
                                    "children": {
                                        "TorchPolicy.evaluate": {
                                            "total": 43.3449928020335,
                                            "count": 333337,
                                            "self": 43.3449928020335
                                        }
                                    }
                                },
                                "workers": {
                                    "total": 1.6390785089787165,
                                    "count": 335086,
                                    "self": 0.0,
                                    "children": {
                                        "worker_root": {
                                            "total": 1078.4240234729723,
                                            "count": 335086,
                                            "is_parallel": true,
                                            "self": 179.31001405996346,
                                            "children": {
                                                "steps_from_proto": {
                                                    "total": 0.00033504199999967454,
                                                    "count": 1,