{
    "name": "root",
    "gauges": {
        "BetaTest.Policy.Entropy.mean": {
            "value": 1.288845419883728,
            "min": 1.288845419883728,
            "max": 1.4284076690673828,
            "count": 25
        },
        "BetaTest.Policy.Entropy.sum": {
            "value": 64433.25,
            "min": 64433.25,
            "max": 71394.671875,
            "count": 25
        },
        "BetaTest.Step.mean": {
            "value": 1249950.0,
            "min": 49949.0,
            "max": 1249950.0,
            "count": 25
        },
        "BetaTest.Step.sum": {
            "value": 1249950.0,
            "min": 49949.0,
            "max": 1249950.0,
            "count": 25
        },
        "BetaTest.Policy.ExtrinsicValueEstimate.mean": {
            "value": 0.6697367429733276,
            "min": 0.14487382769584656,
            "max": 0.6697367429733276,
            "count": 25
        },
        "BetaTest.Policy.ExtrinsicValueEstimate.sum": {
            "value": 754.7933349609375,
            "min": 159.50608825683594,
            "max": 754.7933349609375,
            "count": 25
        },
        "BetaTest.Environment.EpisodeLength.mean": {
            "value": 67.44701086956522,
            "min": 67.44701086956522,
            "max": 140.0,
            "count": 25
        },
        "BetaTest.Environment.EpisodeLength.sum": {
            "value": 49641.0,
            "min": 48561.0,
            "max": 50376.0,
            "count": 25
        },
        "BetaTest.Environment.CumulativeReward.mean": {
            "value": 2.187603169785491,
            "min": 0.9730017614103137,
            "max": 2.2167900105955525,
            "count": 25
        },
        "BetaTest.Environment.CumulativeReward.sum": {
            "value": 1610.0759329621214,
            "min": 471.95048561599106,
            "max": 1610.0759329621214,
            "count": 25
        },
        "BetaTest.Policy.ExtrinsicReward.mean": {
            "value": 2.187603169785491,
            "min": 0.9730017614103137,
            "max": 2.2167900105955525,
            "count": 25
        },
        "BetaTest.Policy.ExtrinsicReward.sum": {
            "value": 1610.0759329621214,
            "min": 471.95048561599106,
            "max": 1610.0759329621214,
            "count": 25
        },
        "BetaTest.Losses.PolicyLoss.mean": {
            "value": 0.024638643645060555,
            "min": 0.021230673350704214,
            "max": 0.026769270291551944,
            "count": 25
        },
        "BetaTest.Losses.PolicyLoss.sum": {
            "value": 0.12319321822530278,
            "min": 0.08854833968992656,
            "max": 0.13384635145775972,
            "count": 25
        },
        "BetaTest.Losses.ValueLoss.mean": {
            "value": 0.07202271920939286,
            "min": 0.030528221279382706,
            "max": 0.10785879700755079,
            "count": 25
        },
        "BetaTest.Losses.ValueLoss.sum": {
            "value": 0.3601135960469643,
            "min": 0.12211288511753082,
            "max": 0.43143518803020314,
            "count": 25
        },
        "BetaTest.Policy.LearningRate.mean": {
            "value": 0.00029633363878545717,
            "min": 0.00029633363878545717,
            "max": 0.0002999229285249197,
            "count": 25
        },
        "BetaTest.Policy.LearningRate.sum": {
            "value": 0.001481668193927286,
            "min": 0.0011865049783633917,
            "max": 0.0014989226103483556,
            "count": 25
        },
        "BetaTest.Policy.Epsilon.mean": {
            "value": 0.19877787918777884,
            "min": 0.19877787918777884,
            "max": 0.19997430949974312,
            "count": 25
        },
        "BetaTest.Policy.Epsilon.sum": {
            "value": 0.9938893959388941,
            "min": 0.7955016579550167,
            "max": 0.9996408699964087,
            "count": 25
        },
        "BetaTest.Policy.Beta.mean": {
            "value": 0.004939016171470162,
            "min": 0.004939016171470162,
            "max": 0.00499871804403718,
            "count": 25
        },
        "BetaTest.Policy.Beta.sum": {
            "value": 0.02469508085735081,
            "min": 0.01977553273195533,
            "max": 0.0249820794128208,
            "count": 25
        },
        "BetaTest.IsTraining.mean": {
            "value": 1.0,
            "min": 1.0,
            "max": 1.0,
            "count": 25
        },
        "BetaTest.IsTraining.sum": {
            "value": 1.0,
            "min": 1.0,
            "max": 1.0,
            "count": 25
        }
    },
    "metadata": {
        "timer_format_version": "0.1.0",
        "start_time_seconds": "1754955018",
        "python_version": "3.9.6 (default, Mar 12 2025, 20:22:46) \n[Clang 17.0.0 (clang-1700.0.13.3)]",
        "command_line_arguments": "/Users/maximilian/.local/share/virtualenvs/config-WKQoqqDy/bin/mlagents-learn configuration.yaml --run-id=Beta0.005Lamd099",
        "mlagents_version": "0.30.0",
        "mlagents_envs_version": "0.30.0",
        "communication_protocol_version": "1.5.0",
        "pytorch_version": "1.11.0",
        "numpy_version": "1.21.2",
        "end_time_seconds": "1754959614"
    },
    "total": 4595.944126708,
    "count": 1,
    "self": 0.0037277080000421847,
    "children": {
        "run_training.setup": {
            "total": 0.017644333000000012,
            "count": 1,
            "self": 0.017644333000000012
        },
        "TrainerController.start_learning": {
            "total": 4595.922754667,
            "count": 1,
            "self": 8.809014156328885,
            "children": {
                "TrainerController._reset_env": {
                    "total": 10.056076000000001,
                    "count": 1,
                    "self": 10.056076000000001
                },
                "TrainerController.advance": {
                    "total": 4577.009431594671,
                    "count": 1303697,
                    "self": 8.795501412640988,
                    "children": {
                        "env_step": {
                            "total": 4436.487546806964,
                            "count": 1303697,
                            "self": 4246.218203241943,
                            "children": {
                                "SubprocessEnvManager._take_step": {
                                    "total": 184.2371714839592,
                                    "count": 1303697,
                                    "self": 19.23934229370775,
                                    "children": {
                                        "TorchPolicy.evaluate": {
                                            "total": 164.99782919025145,
                                            "count": 1292564,
                                            "self": 164.99782919025145
                                        }
                                    }
                                },
                                "workers": {
                                    "total": 6.032172081061221,
                                    "count": 1303696,
                                    "self": 0.0,
                                    "children": {
                                        "worker_root": {
                                            "total": 4512.512847778647,
                                            "count": 1303696,
                                            "is_parallel": true,
                                            "self": 674.4995381438903,
                                            "children": {
                                                "steps_from_proto": {
                                                    "total": 0.0007757090000009015,
                                                    "count": 1,
                                                    "is_parallel": true,