{
    "name": "root",
    "gauges": {
        "SimpleLevel.Policy.Entropy.mean": {
            "value": 4.005710124969482,
            "min": 1.4420875310897827,
            "max": 4.005710124969482,
            "count": 49
        },
        "SimpleLevel.Policy.Entropy.sum": {
            "value": 399609.625,
            "min": 144376.03125,
            "max": 399609.625,
            "count": 49
        },
        "SimpleLevel.Environment.EpisodeLength.mean": {
            "value": 202.30549898167007,
            "min": 36.50843644544432,
            "max": 215.13822894168467,
            "count": 49
        },
        "SimpleLevel.Environment.EpisodeLength.sum": {
            "value": 99332.0,
            "min": 97368.0,
            "max": 100078.0,
            "count": 49
        },
        "SimpleLevel.achieved_checkpoints.mean": {
            "value": 178.23625254582484,
            "min": 29.91320406278855,
            "max": 185.02159827213822,
            "count": 49
        },
        "SimpleLevel.achieved_checkpoints.sum": {
            "value": 87514.0,
            "min": 64792.0,
            "max": 113880.0,
            "count": 49
        },
        "SimpleLevel.progress_norm.mean": {
            "value": 0.33520864261325656,
            "min": 0.05619230685827201,
            "max": 0.34824040589238603,
            "count": 49
        },
        "SimpleLevel.progress_norm.sum": {
            "value": 164.58744352310896,
            "min": 121.71253665501717,
            "max": 213.8217044249177,
            "count": 49
        },
        "SimpleLevel.Step.mean": {
            "value": 4899897.0,
            "min": 99999.0,
            "max": 4899897.0,
            "count": 49
        },
        "SimpleLevel.Step.sum": {
            "value": 4899897.0,
            "min": 99999.0,
            "max": 4899897.0,
            "count": 49
        },
        "SimpleLevel.Policy.ExtrinsicValueEstimate.mean": {
            "value": 3.910979986190796,
            "min": 0.7015403509140015,
            "max": 3.910979986190796,
            "count": 49
        },
        "SimpleLevel.Policy.ExtrinsicValueEstimate.sum": {
            "value": 2549.958984375,
            "min": 1519.536376953125,
            "max": 4177.64208984375,
            "count": 49
        },
        "SimpleLevel.Environment.CumulativeReward.mean": {
            "value": 14.387000321279718,
            "min": 2.3255537220429603,
            "max": 14.844279887251043,
            "count": 49
        },
        "SimpleLevel.Environment.CumulativeReward.sum": {
            "value": 7064.017157748342,
            "min": 5034.823808223009,
            "max": 9692.44318202138,
            "count": 49
        },
        "SimpleLevel.Policy.ExtrinsicReward.mean": {
            "value": 14.387000321279718,
            "min": 2.3255537220429603,
            "max": 14.844279887251043,
            "count": 49
        },
        "SimpleLevel.Policy.ExtrinsicReward.sum": {
            "value": 7064.017157748342,
            "min": 5034.823808223009,
            "max": 9692.44318202138,
            "count": 49
        },
        "SimpleLevel.Losses.PolicyLoss.mean": {
            "value": 0.022857498686062173,
            "min": 0.022279890908005955,
            "max": 0.02784837869177055,
            "count": 49
        },
        "SimpleLevel.Losses.PolicyLoss.sum": {
            "value": 0.22857498686062172,
            "min": 0.20089537318951142,
            "max": 0.2648853304757116,
            "count": 49
        },
        "SimpleLevel.Losses.ValueLoss.mean": {
            "value": 0.661671758989493,
            "min": 0.11916774469117326,
            "max": 0.7631053100029627,
            "count": 49
        },
        "SimpleLevel.Losses.ValueLoss.sum": {
            "value": 6.616717589894931,
            "min": 1.1916774469117326,
            "max": 7.631053100029627,
            "count": 49
        },
        "SimpleLevel.Policy.LearningRate.mean": {
            "value": 0.00028544891120485364,
            "min": 0.00028544891120485364,
            "max": 0.0002998459837164653,
            "count": 49
        },
        "SimpleLevel.Policy.LearningRate.sum": {
            "value": 0.0028544891120485362,
            "min": 0.002574485686582974,
            "max": 0.0029955304604451513,
            "count": 49
        },
        "SimpleLevel.Policy.Epsilon.mean": {
            "value": 0.19514963545149638,
            "min": 0.19514963545149638,
            "max": 0.19994866122170885,
            "count": 49
        },
        "SimpleLevel.Policy.Epsilon.sum": {
            "value": 1.9514963545149637,
            "min": 1.7581618815816187,
            "max": 1.9985101529851017,
            "count": 49
        },
        "SimpleLevel.Policy.Beta.mean": {
            "value": 0.04757530276220303,
            "min": 0.04757530276220303,
            "max": 0.04997433574473225,
            "count": 49
        },
        "SimpleLevel.Policy.Beta.sum": {
            "value": 0.4757530276220303,
            "min": 0.42908512460265136,
            "max": 0.49925522547725226,
            "count": 49
        },
        "SimpleLevel.IsTraining.mean": {
            "value": 1.0,
            "min": 1.0,
            "max": 1.0,
            "count": 49
        },
        "SimpleLevel.IsTraining.sum": {
            "value": 1.0,
            "min": 1.0,
            "max": 1.0,
            "count": 49
        }
    },
    "metadata": {
        "timer_format_version": "0.1.0",
        "start_time_seconds": "1757785113",
        "python_version": "3.9.6 (default, Mar 12 2025, 20:22:46) \n[Clang 17.0.0 (clang-1700.0.13.3)]",
        "command_line_arguments": "/Users/maximilian/.local/share/virtualenvs/config-6tAeTmUk/bin/mlagents-learn configuration_simple.yaml --run-id=Milestones_8-MilestonePay_1-HolePunishment_0.2-Reward_0.5-Decision_3-Beta_0.05-StackedVectors_10-Boards_4-Tiltspeed_90-Batch_1024-Buffer_10240-HiddenUnits_1536-RayCount_8-RayDistance_4",
        "mlagents_version": "0.30.0",
        "mlagents_envs_version": "0.30.0",
        "communication_protocol_version": "1.5.0",
        "pytorch_version": "1.11.0",
        "numpy_version": "1.21.2",
        "end_time_seconds": "1757800464"
    },
    "total": 15351.530809333,
    "count": 1,
    "self": 0.0035109580003336305,
    "children": {
        "run_training.setup": {
            "total": 0.017918917000000034,
            "count": 1,
            "self": 0.017918917000000034
        },
        "TrainerController.start_learning": {
            "total": 15351.509379458,
            "count": 1,
            "self": 10.394217238370402,
            "children": {
                "TrainerController._reset_env": {
                    "total": 13.091086542,
                    "count": 1,
                    "self": 13.091086542
                },
                "TrainerController.advance": {
                    "total": 15327.66095034463,
                    "count": 1256612,
                    "self": 9.737479182236711,
                    "children": {
                        "env_step": {
                            "total": 13817.211497717788,
                            "count": 1256612,
                            "self": 12554.01845397173,
                            "children": {
                                "SubprocessEnvManager._take_step": {
                                    "total": 1256.9873097692039,
                                    "count": 1256612,
                                    "self": 34.590109388089104,
                                    "children": {
                                        "TorchPolicy.evaluate": {
                                            "total": 1222.3972003811148,
                                            "count": 1230051,