{
    "name": "root",
    "gauges": {
        "StaticLevelAgent.Policy.Entropy.mean": {
            "value": 1.1617478132247925,
            "min": 0.9837723970413208,
            "max": 1.4702075719833374,
            "count": 132
        },
        "StaticLevelAgent.Policy.Entropy.sum": {
            "value": 58076.93359375,
            "min": 49171.89453125,
            "max": 73515.7890625,
            "count": 132
        },
        "StaticLevelAgent.Step.mean": {
            "value": 6599955.0,
            "min": 49973.0,
            "max": 6599955.0,
            "count": 132
        },
        "StaticLevelAgent.Step.sum": {
            "value": 6599955.0,
            "min": 49973.0,
            "max": 6599955.0,
            "count": 132
        },
        "StaticLevelAgent.Policy.ExtrinsicValueEstimate.mean": {
            "value": -185.56068420410156,
            "min": -744.5480346679688,
            "max": 104.24464416503906,
            "count": 132
        },
        "StaticLevelAgent.Policy.ExtrinsicValueEstimate.sum": {
            "value": -167375.734375,
            "min": -665625.9375,
            "max": 104870.109375,
            "count": 132
        },
        "StaticLevelAgent.Environment.EpisodeLength.mean": {
            "value": 86.73251748251748,
            "min": 49.508080808080805,
            "max": 346.81944444444446,
            "count": 132
        },
        "StaticLevelAgent.Environment.EpisodeLength.sum": {
            "value": 49611.0,
            "min": 48433.0,
            "max": 50432.0,
            "count": 132
        },
        "StaticLevelAgent.Environment.CumulativeReward.mean": {
            "value": 7.869122158886046,
            "min": 0.8087020011953185,
            "max": 8.177593081600872,
            "count": 132
        },
        "StaticLevelAgent.Environment.CumulativeReward.sum": {
            "value": 4493.268752723932,
            "min": 243.4193023597909,
            "max": 8071.652825981379,
            "count": 132
        },
        "StaticLevelAgent.Policy.ExtrinsicReward.mean": {
            "value": 7.869122158886046,
            "min": 0.8087020011953185,
            "max": 8.177593081600872,
            "count": 132
        },
        "StaticLevelAgent.Policy.ExtrinsicReward.sum": {
            "value": 4493.268752723932,
            "min": 243.4193023597909,
            "max": 8071.652825981379,
            "count": 132
        },
        "StaticLevelAgent.Losses.PolicyLoss.mean": {
            "value": 0.21782947750451664,
            "min": 0.016130987074381358,
            "max": 0.32831472849783794,
            "count": 132
        },
        "StaticLevelAgent.Losses.PolicyLoss.sum": {
            "value": 1.0891473875225832,
            "min": 0.07622522184004386,
            "max": 1.6415736424891898,
            "count": 132
        },
        "StaticLevelAgent.Losses.ValueLoss.mean": {
            "value": 1877.5699834696454,
            "min": 0.03689321686824163,
            "max": 78187.59641106923,
            "count": 132
        },
        "StaticLevelAgent.Losses.ValueLoss.sum": {
            "value": 9387.849917348227,
            "min": 0.1779226226421694,
            "max": 390937.98205534613,
            "count": 132
        },
        "StaticLevelAgent.Policy.LearningRate.mean": {
            "value": 0.0002802836253749633,
            "min": 0.0002802836253749633,
            "max": 0.00029992300427489533,
            "count": 132
        },
        "StaticLevelAgent.Policy.LearningRate.sum": {
            "value": 0.0014014181268748164,
            "min": 0.0011223054011212617,
            "max": 0.0014989222833484619,
            "count": 132
        },
        "StaticLevelAgent.Policy.Epsilon.mean": {
            "value": 0.19342787293427874,
            "min": 0.19342787293427874,
            "max": 0.19997433474974335,
            "count": 132
        },
        "StaticLevelAgent.Policy.Epsilon.sum": {
            "value": 0.9671393646713937,
            "min": 0.7741017917410179,
            "max": 0.9996407609964078,
            "count": 132
        },
        "StaticLevelAgent.Policy.Beta.mean": {
            "value": 0.004672050859420509,
            "min": 0.004672050859420509,
            "max": 0.004998719304012193,
            "count": 132
        },
        "StaticLevelAgent.Policy.Beta.sum": {
            "value": 0.023360254297102544,
            "min": 0.018707679407876793,
            "max": 0.024982073973720743,
            "count": 132
        },
        "StaticLevelAgent.IsTraining.mean": {
            "value": 1.0,
            "min": 1.0,
            "max": 1.0,
            "count": 132
        },
        "StaticLevelAgent.IsTraining.sum": {
            "value": 1.0,
            "min": 1.0,
            "max": 1.0,
            "count": 132
        }
    },
    "metadata": {
        "timer_format_version": "0.1.0",
        "start_time_seconds": "1753110122",
        "python_version": "3.9.6 (default, Mar 12 2025, 20:22:46) \n[Clang 17.0.0 (clang-1700.0.13.3)]",
        "command_line_arguments": "/Users/maximilian/.local/share/virtualenvs/config-WKQoqqDy/bin/mlagents-learn configuration.yaml --run-id=SingleTrainingNearestWithHole",
        "mlagents_version": "0.30.0",
        "mlagents_envs_version": "0.30.0",
        "communication_protocol_version": "1.5.0",
        "pytorch_version": "1.11.0",
        "numpy_version": "1.21.2",
        "end_time_seconds": "1753129820"
    },
    "total": 19222.343108958,
    "count": 1,
    "self": 0.004109167002752656,
    "children": {
        "run_training.setup": {
            "total": 0.020668416000000134,
            "count": 1,
            "self": 0.020668416000000134
        },
        "TrainerController.start_learning": {
            "total": 19222.318331374998,
            "count": 1,
            "self": 43.70500293443547,
            "children": {
                "TrainerController._reset_env": {
                    "total": 8.20288675,
                    "count": 1,
                    "self": 8.20288675
                },
                "TrainerController.advance": {
                    "total": 19170.36990277356,
                    "count": 6684307,
                    "self": 42.66518424707101,
                    "children": {
                        "env_step": {
                            "total": 18430.524905103044,
                            "count": 6684307,
                            "self": 17461.76426599633,
                            "children": {
                                "SubprocessEnvManager._take_step": {
                                    "total": 938.8678535302721,
                                    "count": 6684307,
                                    "self": 95.10321526410269,
                                    "children": {
                                        "TorchPolicy.evaluate": {
                                            "total": 843.7646382661694,
                                            "count": 6616438,
                                            "self": 843.7646382661694
                                        }
                                    }
                                },
                                "workers": {
                                    "total": 29.892785576441558,
                                    "count": 6684306,
                                    "self": 0.0,
                                    "children": {
                                        "worker_root": {
                                            "total": 19093.991832073985,
                                            "count": 6684306,
                                            "is_parallel": true,
                                            "self": 3396.4524351354576,