{
    "name": "root",
    "gauges": {
        "AdvDec_Beta.Policy.Entropy.mean": {
            "value": 1.9408411979675293,
            "min": 1.4263150691986084,
            "max": 1.9408411979675293,
            "count": 98
        },
        "AdvDec_Beta.Policy.Entropy.sum": {
            "value": 96989.65625,
            "min": 71354.265625,
            "max": 96989.65625,
            "count": 98
        },
        "AdvDec_Beta.Step.mean": {
            "value": 4899966.0,
            "min": 49963.0,
            "max": 4899966.0,
            "count": 98
        },
        "AdvDec_Beta.Step.sum": {
            "value": 4899966.0,
            "min": 49963.0,
            "max": 4899966.0,
            "count": 98
        },
        "AdvDec_Beta.Policy.ExtrinsicValueEstimate.mean": {
            "value": 0.0712820291519165,
            "min": 0.013137245550751686,
            "max": 0.26479241251945496,
            "count": 98
        },
        "AdvDec_Beta.Policy.ExtrinsicValueEstimate.sum": {
            "value": 59.52049255371094,
            "min": 10.772541046142578,
            "max": 242.28506469726562,
            "count": 98
        },
        "AdvDec_Beta.Environment.EpisodeLength.mean": {
            "value": 583.8023255813954,
            "min": 174.6678445229682,
            "max": 1612.6774193548388,
            "count": 98
        },
        "AdvDec_Beta.Environment.EpisodeLength.sum": {
            "value": 50207.0,
            "min": 48506.0,
            "max": 51233.0,
            "count": 98
        },
        "AdvDec_Beta.Environment.CumulativeReward.mean": {
            "value": 1.3641559009177633,
            "min": 0.9821690714967005,
            "max": 1.6270481017943952,
            "count": 98
        },
        "AdvDec_Beta.Environment.CumulativeReward.sum": {
            "value": 117.31740747892763,
            "min": 50.37152352742851,
            "max": 304.41585490701254,
            "count": 98
        },
        "AdvDec_Beta.Policy.ExtrinsicReward.mean": {
            "value": 1.3641559009177633,
            "min": 0.9821690714967005,
            "max": 1.6270481017943952,
            "count": 98
        },
        "AdvDec_Beta.Policy.ExtrinsicReward.sum": {
            "value": 117.31740747892763,
            "min": 50.37152352742851,
            "max": 304.41585490701254,
            "count": 98
        },
        "AdvDec_Beta.Losses.PolicyLoss.mean": {
            "value": 0.023015908816984544,
            "min": 0.019349340843036772,
            "max": 0.027333819338430966,
            "count": 98
        },
        "AdvDec_Beta.Losses.PolicyLoss.sum": {
            "value": 0.11507954408492271,
            "min": 0.0841611221859542,
            "max": 0.13666909669215482,
            "count": 98
        },
        "AdvDec_Beta.Losses.ValueLoss.mean": {
            "value": 0.0012768933254604538,
            "min": 0.0003151545291863537,
            "max": 0.027194856161562107,
            "count": 98
        },
        "AdvDec_Beta.Losses.ValueLoss.sum": {
            "value": 0.006384466627302269,
            "min": 0.0015415441172081045,
            "max": 0.10877942464624843,
            "count": 98
        },
        "AdvDec_Beta.Policy.LearningRate.mean": {
            "value": 0.00028536445253216194,
            "min": 0.00028536445253216194,
            "max": 0.0002999229075249265,
            "count": 98
        },
        "AdvDec_Beta.Policy.LearningRate.sum": {
            "value": 0.0014268222626608097,
            "min": 0.0011450947767526949,
            "max": 0.0014989216503486665,
            "count": 98
        },
        "AdvDec_Beta.Policy.Epsilon.mean": {
            "value": 0.19512148255121486,
            "min": 0.19512148255121486,
            "max": 0.19997430249974307,
            "count": 98
        },
        "AdvDec_Beta.Policy.Epsilon.sum": {
            "value": 0.9756074127560743,
            "min": 0.7816982528169826,
            "max": 0.9996405499964054,
            "count": 98
        },
        "AdvDec_Beta.Policy.Beta.mean": {
            "value": 0.007610206455842064,
            "min": 0.007610206455842064,
            "max": 0.007997946769729468,
            "count": 98
        },
        "AdvDec_Beta.Policy.Beta.sum": {
            "value": 0.03805103227921032,
            "min": 0.0305376904000769,
            "max": 0.039971279944712806,
            "count": 98
        },
        "AdvDec_Beta.IsTraining.mean": {
            "value": 1.0,
            "min": 1.0,
            "max": 1.0,
            "count": 98
        },
        "AdvDec_Beta.IsTraining.sum": {
            "value": 1.0,
            "min": 1.0,
            "max": 1.0,
            "count": 98
        }
    },
    "metadata": {
        "timer_format_version": "0.1.0",
        "start_time_seconds": "1754909224",
        "python_version": "3.9.6 (default, Mar 12 2025, 20:22:46) \n[Clang 17.0.0 (clang-1700.0.13.3)]",
        "command_line_arguments": "/Users/maximilian/.local/share/virtualenvs/config-WKQoqqDy/bin/mlagents-learn configuration.yaml --run-id=Beta0.008Dec3",
        "mlagents_version": "0.30.0",
        "mlagents_envs_version": "0.30.0",
        "communication_protocol_version": "1.5.0",
        "pytorch_version": "1.11.0",
        "numpy_version": "1.21.2",
        "end_time_seconds": "1754922310"
    },
    "total": 13085.878560334,
    "count": 1,
    "self": 0.00357541800076433,
    "children": {
        "run_training.setup": {
            "total": 0.020425457999999952,
            "count": 1,
            "self": 0.020425457999999952
        },
        "TrainerController.start_learning": {
            "total": 13085.854559458,
            "count": 1,
            "self": 27.750950204997935,
            "children": {
                "TrainerController._reset_env": {
                    "total": 14.213639,
                    "count": 1,
                    "self": 14.213639
                },
                "TrainerController.advance": {
                    "total": 13043.849318920002,
                    "count": 4929609,
                    "self": 28.663844524520755,
                    "children": {
                        "env_step": {
                            "total": 12558.054616693002,
                            "count": 4929609,
                            "self": 11981.591656792056,
                            "children": {
                                "SubprocessEnvManager._take_step": {
                                    "total": 557.3470508516871,
                                    "count": 4929609,
                                    "self": 60.98314622144943,
                                    "children": {
                                        "TorchPolicy.evaluate": {
                                            "total": 496.36390463023764,
                                            "count": 4926090,
                                            "self": 496.36390463023764
                                        }
                                    }
                                },
                                "workers": {
                                    "total": 19.115909049259464,
                                    "count": 4929608,
                                    "self": 0.0,
                                    "children": {
                                        "worker_root": {
                                            "total": 12973.563711664707,
                                            "count": 4929608,
                                            "is_parallel": true,
                                            "self": 2143.444912300176,
                                            "children": {
                                                "steps_from_proto": {
                                                    "total": 0.0004834579999997146,
                                                    "count": 1,