{
    "name": "root",
    "gauges": {
        "FixedOberservation.Policy.Entropy.mean": {
            "value": 5.15447473526001,
            "min": 1.425428867340088,
            "max": 5.15447473526001,
            "count": 100
        },
        "FixedOberservation.Policy.Entropy.sum": {
            "value": 515550.5625,
            "min": 142639.8125,
            "max": 515550.5625,
            "count": 100
        },
        "FixedOberservation.Environment.EpisodeLength.mean": {
            "value": 70.2008547008547,
            "min": 16.93847533632287,
            "max": 86.05226480836237,
            "count": 100
        },
        "FixedOberservation.Environment.EpisodeLength.sum": {
            "value": 98562.0,
            "min": 94417.0,
            "max": 98828.0,
            "count": 100
        },
        "FixedOberservation.achieved_checkpoints.mean": {
            "value": 96.11253561253561,
            "min": 29.252173913043478,
            "max": 96.81818181818181,
            "count": 100
        },
        "FixedOberservation.achieved_checkpoints.sum": {
            "value": 134942.0,
            "min": 87464.0,
            "max": 176281.0,
            "count": 100
        },
        "FixedOberservation.progress_norm.mean": {
            "value": 0.1619258720316311,
            "min": 0.04929812389120684,
            "max": 0.1631107731705362,
            "count": 100
        },
        "FixedOberservation.progress_norm.sum": {
            "value": 227.3439243324101,
            "min": 147.40139043470845,
            "max": 297.7606217376888,
            "count": 100
        },
        "FixedOberservation.Step.mean": {
            "value": 9999951.0,
            "min": 99994.0,
            "max": 9999951.0,
            "count": 100
        },
        "FixedOberservation.Step.sum": {
            "value": 9999951.0,
            "min": 99994.0,
            "max": 9999951.0,
            "count": 100
        },
        "FixedOberservation.Policy.ExtrinsicValueEstimate.mean": {
            "value": 3.0164575576782227,
            "min": 0.9413217902183533,
            "max": 3.0164575576782227,
            "count": 100
        },
        "FixedOberservation.Policy.ExtrinsicValueEstimate.sum": {
            "value": 4235.1064453125,
            "min": 2815.493408203125,
            "max": 7619.1181640625,
            "count": 100
        },
        "FixedOberservation.Environment.CumulativeReward.mean": {
            "value": 8.154440777508961,
            "min": 2.39512721800852,
            "max": 8.19386871103807,
            "count": 100
        },
        "FixedOberservation.Environment.CumulativeReward.sum": {
            "value": 11448.834851622581,
            "min": 7159.035254627466,
            "max": 15887.840544700623,
            "count": 100
        },
        "FixedOberservation.Policy.ExtrinsicReward.mean": {
            "value": 8.154440777508961,
            "min": 2.39512721800852,
            "max": 8.19386871103807,
            "count": 100
        },
        "FixedOberservation.Policy.ExtrinsicReward.sum": {
            "value": 11448.834851622581,
            "min": 7159.035254627466,
            "max": 15887.840544700623,
            "count": 100
        },
        "FixedOberservation.Losses.PolicyLoss.mean": {
            "value": 0.023985174726004952,
            "min": 0.02107440164545551,
            "max": 0.02618498272340124,
            "count": 100
        },
        "FixedOberservation.Losses.PolicyLoss.sum": {
            "value": 0.21586657253404457,
            "min": 0.19572212856728585,
            "max": 0.2618498272340124,
            "count": 100
        },
        "FixedOberservation.Losses.ValueLoss.mean": {
            "value": 0.13660314648791594,
            "min": 0.002002178829732455,
            "max": 0.5033360986908276,
            "count": 100
        },
        "FixedOberservation.Losses.ValueLoss.sum": {
            "value": 1.2294283183912436,
            "min": 0.018019609467592092,
            "max": 5.033360986908276,
            "count": 100
        },
        "FixedOberservation.Policy.LearningRate.mean": {
            "value": 0.0002701475343189671,
            "min": 0.0002701475343189671,
            "max": 0.0002998455037166204,
            "count": 100
        },
        "FixedOberservation.Policy.LearningRate.sum": {
            "value": 0.002431327808870704,
            "min": 0.002431327808870704,
            "max": 0.002995531840444705,
            "count": 100
        },
        "FixedOberservation.Policy.Epsilon.mean": {
            "value": 0.19004917478938066,
            "min": 0.19004917478938066,
            "max": 0.19994850122170724,
            "count": 100
        },
        "FixedOberservation.Policy.Epsilon.sum": {
            "value": 1.710442573104426,
            "min": 1.710442573104426,
            "max": 1.9985106129851065,
            "count": 100
        },
        "FixedOberservation.Policy.Beta.mean": {
            "value": 0.04502558247721139,
            "min": 0.04502558247721139,
            "max": 0.049974255760731445,
            "count": 100
        },
        "FixedOberservation.Policy.Beta.sum": {
            "value": 0.4052302422949025,
            "min": 0.4052302422949025,
            "max": 0.49925545543125455,
            "count": 100
        },
        "FixedOberservation.IsTraining.mean": {
            "value": 1.0,
            "min": 1.0,
            "max": 1.0,
            "count": 100
        },
        "FixedOberservation.IsTraining.sum": {
            "value": 1.0,
            "min": 1.0,
            "max": 1.0,
            "count": 100
        }
    },
    "metadata": {
        "timer_format_version": "0.1.0",
        "start_time_seconds": "1757369485",
        "python_version": "3.9.6 (default, Mar 12 2025, 20:22:46) \n[Clang 17.0.0 (clang-1700.0.13.3)]",
        "command_line_arguments": "/Users/maximilian/.local/share/virtualenvs/config-6tAeTmUk/bin/mlagents-learn configuration_new.yaml --run-id=Milestones_10-MilestonePay_1-HolePunishment_0.2-Reward_0.5-Decision_3-Beta_0.05-StackedVectors_10-Boards_4-Tiltspeed_90-Batch_1024-Buffer_10240-HiddenUnits_1024-NoWallRayInformation",
        "mlagents_version": "0.30.0",
        "mlagents_envs_version": "0.30.0",
        "communication_protocol_version": "1.5.0",
        "pytorch_version": "1.11.0",
        "numpy_version": "1.21.2",
        "end_time_seconds": "1757399787"
    },
    "total": 30301.640348916,
    "count": 1,
    "self": 0.0039379579975502566,
    "children": {
        "run_training.setup": {
            "total": 0.01784999999999992,
            "count": 1,
            "self": 0.01784999999999992
        },
        "TrainerController.start_learning": {
            "total": 30301.618560958002,
            "count": 1,
            "self": 22.7708882053048,
            "children": {
                "TrainerController._reset_env": {
                    "total": 5.598105209,
                    "count": 1,
                    "self": 5.598105209
                },
                "TrainerController.advance": {
                    "total": 30272.843279127697,
                    "count": 2839066,
                    "self": 20.31957086901093,
                    "children": {
                        "env_step": {
                            "total": 27991.053973445465,
                            "count": 2839066,
                            "self": 26579.14684489572,
                            "children": {
                                "SubprocessEnvManager._take_step": {
                                    "total": 1398.0800371170592,
                                    "count": 2839066,
                                    "self": 56.50680938472806,
                                    "children": {
                                        "TorchPolicy.evaluate": {
                                            "total": 1341.5732277323311,