{
    "name": "root",
    "gauges": {
        "SVG.Policy.Entropy.mean": {
            "value": 0.4238365590572357,
            "min": 0.4207969903945923,
            "max": 1.4105522632598877,
            "count": 89
        },
        "SVG.Policy.Entropy.sum": {
            "value": 42392.1328125,
            "min": 42125.14453125,
            "max": 141083.4375,
            "count": 89
        },
        "SVG.Environment.EpisodeLength.mean": {
            "value": 131.15435356200527,
            "min": 14.419892058596762,
            "max": 135.27012278308322,
            "count": 89
        },
        "SVG.Environment.EpisodeLength.sum": {
            "value": 99415.0,
            "min": 93513.0,
            "max": 99457.0,
            "count": 89
        },
        "SVG.achieved_checkpoints.mean": {
            "value": 145.03693931398416,
            "min": 21.126666666666665,
            "max": 145.03693931398416,
            "count": 89
        },
        "SVG.achieved_checkpoints.sum": {
            "value": 109938.0,
            "min": 57042.0,
            "max": 196253.0,
            "count": 89
        },
        "SVG.progress_norm.mean": {
            "value": 0.29093796982968073,
            "min": 0.04234811931089671,
            "max": 0.29093796982968073,
            "count": 89
        },
        "SVG.progress_norm.sum": {
            "value": 220.530981130898,
            "min": 114.3399221394211,
            "max": 393.6213144734502,
            "count": 89
        },
        "SVG.Step.mean": {
            "value": 8899995.0,
            "min": 99986.0,
            "max": 8899995.0,
            "count": 89
        },
        "SVG.Step.sum": {
            "value": 8899995.0,
            "min": 99986.0,
            "max": 8899995.0,
            "count": 89
        },
        "SVG.Policy.ExtrinsicValueEstimate.mean": {
            "value": 9.07093620300293,
            "min": 1.583614468574524,
            "max": 9.427497863769531,
            "count": 89
        },
        "SVG.Policy.ExtrinsicValueEstimate.sum": {
            "value": 17688.326171875,
            "min": 4782.515625,
            "max": 29983.107421875,
            "count": 89
        },
        "SVG.Environment.CumulativeReward.mean": {
            "value": 37.392043324440834,
            "min": 5.737240770364145,
            "max": 37.392043324440834,
            "count": 89
        },
        "SVG.Environment.CumulativeReward.sum": {
            "value": 28305.776796601713,
            "min": 15484.812839212827,
            "max": 59635.84391119331,
            "count": 89
        },
        "SVG.Policy.ExtrinsicReward.mean": {
            "value": 37.392043324440834,
            "min": 5.737240770364145,
            "max": 37.392043324440834,
            "count": 89
        },
        "SVG.Policy.ExtrinsicReward.sum": {
            "value": 28305.776796601713,
            "min": 15484.812839212827,
            "max": 59635.84391119331,
            "count": 89
        },
        "SVG.Losses.PolicyLoss.mean": {
            "value": 0.02170859841785083,
            "min": 0.02170859841785083,
            "max": 0.026618851745432173,
            "count": 89
        },
        "SVG.Losses.PolicyLoss.sum": {
            "value": 0.2170859841785083,
            "min": 0.20144027159549294,
            "max": 0.2615927271661349,
            "count": 89
        },
        "SVG.Losses.ValueLoss.mean": {
            "value": 2.802727468411128,
            "min": 0.4545097623268763,
            "max": 3.436048891544342,
            "count": 89
        },
        "SVG.Losses.ValueLoss.sum": {
            "value": 28.02727468411128,
            "min": 4.545097623268763,
            "max": 34.36048891544342,
            "count": 89
        },
        "SVG.Policy.LearningRate.mean": {
            "value": 0.00027346097148095536,
            "min": 0.00027346097148095536,
            "max": 0.00029984596771647046,
            "count": 89
        },
        "SVG.Policy.LearningRate.sum": {
            "value": 0.002734609714809554,
            "min": 0.0024637820353771668,
            "max": 0.002995536793443104,
            "count": 89
        },
        "SVG.Policy.Epsilon.mean": {
            "value": 0.19115365421153654,
            "min": 0.19115365421153654,
            "max": 0.19994865588837543,
            "count": 89
        },
        "SVG.Policy.Epsilon.sum": {
            "value": 1.9115365421153654,
            "min": 1.7212606522126064,
            "max": 1.998512263985123,
            "count": 89
        },
        "SVG.Policy.Beta.mean": {
            "value": 0.004558567345155673,
            "min": 0.004558567345155673,
            "max": 0.004997437928829935,
            "count": 89
        },
        "SVG.Policy.Beta.sum": {
            "value": 0.04558567345155673,
            "min": 0.04107090654540907,
            "max": 0.04992576197285763,
            "count": 89
        },
        "SVG.IsTraining.mean": {
            "value": 1.0,
            "min": 1.0,
            "max": 1.0,
            "count": 89
        },
        "SVG.IsTraining.sum": {
            "value": 1.0,
            "min": 1.0,
            "max": 1.0,
            "count": 89
        }
    },
    "metadata": {
        "timer_format_version": "0.1.0",
        "start_time_seconds": "1756077717",
        "python_version": "3.9.6 (default, Mar 12 2025, 20:22:46) \n[Clang 17.0.0 (clang-1700.0.13.3)]",
        "command_line_arguments": "/Users/maximilian/.local/share/virtualenvs/config-6tAeTmUk/bin/mlagents-learn configuration.yaml --run-id=MultipleSVGv2",
        "mlagents_version": "0.30.0",
        "mlagents_envs_version": "0.30.0",
        "communication_protocol_version": "1.5.0",
        "pytorch_version": "1.11.0",
        "numpy_version": "1.21.2",
        "end_time_seconds": "1756104095"
    },
    "total": 26377.404742083,
    "count": 1,
    "self": 0.00590566599930753,
    "children": {
        "run_training.setup": {
            "total": 0.017157792000000005,
            "count": 1,
            "self": 0.017157792000000005
        },
        "TrainerController.start_learning": {
            "total": 26377.381678625,
            "count": 1,
            "self": 19.502993621958012,
            "children": {
                "TrainerController._reset_env": {
                    "total": 4.098193625,
                    "count": 1,
                    "self": 4.098193625
                },
                "TrainerController.advance": {
                    "total": 26353.688581587045,
                    "count": 2324132,
                    "self": 18.49122698442443,
                    "children": {
                        "env_step": {
                            "total": 25158.122104317616,
                            "count": 2324132,
                            "self": 24532.436408458274,
                            "children": {
                                "SubprocessEnvManager._take_step": {
                                    "total": 613.1109749538192,
                                    "count": 2324132,
                                    "self": 43.97649870231862,
                                    "children": {
                                        "TorchPolicy.evaluate": {
                                            "total": 569.1344762515006,
                                            "count": 2227947,
                                            "self": 569.1344762515006
                                        }
                                    }
                                },
                                "workers": {
                                    "total": 12.574720905523616,
                                    "count": 2324131,
                                    "self": 0.0,