{
    "name": "root",
    "gauges": {
        "HoleObservationMultiple.Policy.Entropy.mean": {
            "value": 1.1976474523544312,
            "min": 1.1976474523544312,
            "max": 1.4004074335098267,
            "count": 10
        },
        "HoleObservationMultiple.Policy.Entropy.sum": {
            "value": 119707.2578125,
            "min": 119707.2578125,
            "max": 140180.78125,
            "count": 10
        },
        "HoleObservationMultiple.Environment.EpisodeLength.mean": {
            "value": 71.35455861070912,
            "min": 31.642297650130548,
            "max": 142.63180515759313,
            "count": 10
        },
        "HoleObservationMultiple.Environment.EpisodeLength.sum": {
            "value": 98612.0,
            "min": 96952.0,
            "max": 99557.0,
            "count": 10
        },
        "HoleObservationMultiple.achieved_checkpoints.mean": {
            "value": 211.8914616497829,
            "min": 32.03524804177545,
            "max": 211.8914616497829,
            "count": 10
        },
        "HoleObservationMultiple.achieved_checkpoints.sum": {
            "value": 292834.0,
            "min": 98156.0,
            "max": 292834.0,
            "count": 10
        },
        "HoleObservationMultiple.progress_norm.mean": {
            "value": 0.9855345130484287,
            "min": 0.14898580386164761,
            "max": 0.9855345130484287,
            "count": 10
        },
        "HoleObservationMultiple.progress_norm.sum": {
            "value": 1362.0086970329285,
            "min": 456.4925030320883,
            "max": 1362.0086970329285,
            "count": 10
        },
        "HoleObservationMultiple.Step.mean": {
            "value": 999958.0,
            "min": 99998.0,
            "max": 999958.0,
            "count": 10
        },
        "HoleObservationMultiple.Step.sum": {
            "value": 999958.0,
            "min": 99998.0,
            "max": 999958.0,
            "count": 10
        },
        "HoleObservationMultiple.Policy.ExtrinsicValueEstimate.mean": {
            "value": 22.25957489013672,
            "min": 3.0450966358184814,
            "max": 23.791908264160156,
            "count": 10
        },
        "HoleObservationMultiple.Policy.ExtrinsicValueEstimate.sum": {
            "value": 61169.3125,
            "min": 10618.251953125,
            "max": 61372.13671875,
            "count": 10
        },
        "HoleObservationMultiple.Environment.CumulativeReward.mean": {
            "value": 68.47553808090052,
            "min": 9.514901382355745,
            "max": 68.47553808090052,
            "count": 10
        },
        "HoleObservationMultiple.Environment.CumulativeReward.sum": {
            "value": 94633.19362780452,
            "min": 29144.14293415565,
            "max": 94633.19362780452,
            "count": 10
        },
        "HoleObservationMultiple.Policy.ExtrinsicReward.mean": {
            "value": 68.47553808090052,
            "min": 9.514901382355745,
            "max": 68.47553808090052,
            "count": 10
        },
        "HoleObservationMultiple.Policy.ExtrinsicReward.sum": {
            "value": 94633.19362780452,
            "min": 29144.14293415565,
            "max": 94633.19362780452,
            "count": 10
        },
        "HoleObservationMultiple.Losses.PolicyLoss.mean": {
            "value": 0.02283292573837874,
            "min": 0.022728421445935967,
            "max": 0.025104482928290962,
            "count": 10
        },
        "HoleObservationMultiple.Losses.PolicyLoss.sum": {
            "value": 0.2283292573837874,
            "min": 0.2045557930134237,
            "max": 0.2510448292829096,
            "count": 10
        },
        "HoleObservationMultiple.Losses.ValueLoss.mean": {
            "value": 1.8778380913535755,
            "min": 1.691255955784409,
            "max": 5.021580505371094,
            "count": 10
        },
        "HoleObservationMultiple.Losses.ValueLoss.sum": {
            "value": 18.778380913535756,
            "min": 15.221303602059681,
            "max": 50.16561370690665,
            "count": 10
        },
        "HoleObservationMultiple.Policy.LearningRate.mean": {
            "value": 0.0002971501542214504,
            "min": 0.0002971501542214504,
            "max": 0.0002998461797164019,
            "count": 10
        },
        "HoleObservationMultiple.Policy.LearningRate.sum": {
            "value": 0.002971501542214504,
            "min": 0.00267975863454471,
            "max": 0.002995535026443675,
            "count": 10
        },
        "HoleObservationMultiple.Policy.Epsilon.mean": {
            "value": 0.19905005109050047,
            "min": 0.19905005109050047,
            "max": 0.19994872655504284,
            "count": 10
        },
        "HoleObservationMultiple.Policy.Epsilon.sum": {
            "value": 1.9905005109050047,
            "min": 1.7932528759325288,
            "max": 1.9985116749851173,
            "count": 10
        },
        "HoleObservationMultiple.Policy.Beta.mean": {
            "value": 0.004952597549415976,
            "min": 0.004952597549415976,
            "max": 0.004997441455096637,
            "count": 10
        },
        "HoleObservationMultiple.Policy.Beta.sum": {
            "value": 0.049525975494159755,
            "min": 0.04466331850903318,
            "max": 0.04992573258175733,
            "count": 10
        },
        "HoleObservationMultiple.IsTraining.mean": {
            "value": 1.0,
            "min": 1.0,
            "max": 1.0,
            "count": 10
        },
        "HoleObservationMultiple.IsTraining.sum": {
            "value": 1.0,
            "min": 1.0,
            "max": 1.0,
            "count": 10
        }
    },
    "metadata": {
        "timer_format_version": "0.1.0",
        "start_time_seconds": "1755555111",
        "python_version": "3.9.6 (default, Mar 12 2025, 20:22:46) \n[Clang 17.0.0 (clang-1700.0.13.3)]",
        "command_line_arguments": "/Users/maximilian/.local/share/virtualenvs/config-WKQoqqDy/bin/mlagents-learn configuration.yaml --run-id=50kSteps1.5Reward025Interpolation0.005Time1HolePunish6MaxSeconds512Hidden3LayersVectorGuidance",
        "mlagents_version": "0.30.0",
        "mlagents_envs_version": "0.30.0",
        "communication_protocol_version": "1.5.0",
        "pytorch_version": "1.11.0",
        "numpy_version": "1.21.2",
        "end_time_seconds": "1755561185"
    },
    "total": 2357.051340958,
    "count": 1,
    "self": 0.003023832000053517,
    "children": {
        "run_training.setup": {
            "total": 0.018546083999999907,
            "count": 1,
            "self": 0.018546083999999907
        },
        "TrainerController.start_learning": {
            "total": 2357.029771042,
            "count": 1,
            "self": 2.188572379010111,
            "children": {
                "TrainerController._reset_env": {
                    "total": 27.208526209,
                    "count": 1,
                    "self": 27.208526209
                },
                "TrainerController.advance": {
                    "total": 2327.55781216299,
                    "count": 280460,
                    "self": 2.051095477869694,
                    "children": {
                        "env_step": {
                            "total": 2193.192216826076,
                            "count": 280460,
                            "self": 2121.72869238013,
                            "children": {
                                "SubprocessEnvManager._take_step": {
                                    "total": 70.04478626694521,
                                    "count": 280460,
                                    "self": 4.869748460898791,
                                    "children": {
                                        "TorchPolicy.evaluate": {
                                            "total": 65.17503780604642,