{
    "name": "root",
    "gauges": {
        "SVG.Policy.Entropy.mean": {
            "value": 1.3865691423416138,
            "min": 1.3865691423416138,
            "max": 1.4143415689468384,
            "count": 2
        },
        "SVG.Policy.Entropy.sum": {
            "value": 138652.75,
            "min": 138652.75,
            "max": 141444.0625,
            "count": 2
        },
        "SVG.Step.mean": {
            "value": 199992.0,
            "min": 99993.0,
            "max": 199992.0,
            "count": 2
        },
        "SVG.Step.sum": {
            "value": 199992.0,
            "min": 99993.0,
            "max": 199992.0,
            "count": 2
        },
        "SVG.Policy.ExtrinsicValueEstimate.mean": {
            "value": 46.92805862426758,
            "min": 28.736526489257812,
            "max": 46.92805862426758,
            "count": 2
        },
        "SVG.Policy.ExtrinsicValueEstimate.sum": {
            "value": 357310.25,
            "min": 125406.203125,
            "max": 357310.25,
            "count": 2
        },
        "SVG.Environment.EpisodeLength.mean": {
            "value": 12.143664563617245,
            "min": 12.143664563617245,
            "max": 25.091051395773544,
            "count": 2
        },
        "SVG.Environment.EpisodeLength.sum": {
            "value": 92389.0,
            "min": 92389.0,
            "max": 96174.0,
            "count": 2
        },
        "SVG.achieved_checkpoints.mean": {
            "value": 215.49881703470032,
            "min": 177.52935037829377,
            "max": 215.49881703470032,
            "count": 2
        },
        "SVG.achieved_checkpoints.sum": {
            "value": 1639515.0,
            "min": 680470.0,
            "max": 1639515.0,
            "count": 2
        },
        "SVG.progress_norm.mean": {
            "value": 0.43307497593957134,
            "min": 0.356847691390262,
            "max": 0.43307497593957134,
            "count": 2
        },
        "SVG.progress_norm.sum": {
            "value": 3294.834416948259,
            "min": 1367.7972010988742,
            "max": 3294.834416948259,
            "count": 2
        },
        "SVG.Environment.CumulativeReward.mean": {
            "value": 59.14542312584191,
            "min": 48.66281992744942,
            "max": 59.14542312584191,
            "count": 2
        },
        "SVG.Environment.CumulativeReward.sum": {
            "value": 449978.3791414052,
            "min": 186475.92596198618,
            "max": 449978.3791414052,
            "count": 2
        },
        "SVG.Policy.ExtrinsicReward.mean": {
            "value": 59.14542312584191,
            "min": 48.66281992744942,
            "max": 59.14542312584191,
            "count": 2
        },
        "SVG.Policy.ExtrinsicReward.sum": {
            "value": 449978.3791414052,
            "min": 186475.92596198618,
            "max": 449978.3791414052,
            "count": 2
        },
        "SVG.Losses.PolicyLoss.mean": {
            "value": 0.023077869138214736,
            "min": 0.023077869138214736,
            "max": 0.02593716947357515,
            "count": 2
        },
        "SVG.Losses.PolicyLoss.sum": {
            "value": 0.23077869138214735,
            "min": 0.23077869138214735,
            "max": 0.23343452526217637,
            "count": 2
        },
        "SVG.Losses.ValueLoss.mean": {
            "value": 4.190218940824271,
            "min": 4.190218940824271,
            "max": 74.3256273958418,
            "count": 2
        },
        "SVG.Losses.ValueLoss.sum": {
            "value": 41.902189408242705,
            "min": 41.902189408242705,
            "max": 668.9306465625763,
            "count": 2
        },
        "SVG.Policy.LearningRate.mean": {
            "value": 0.000299553980544213,
            "min": 0.000299553980544213,
            "max": 0.00029984610838309166,
            "count": 2
        },
        "SVG.Policy.LearningRate.sum": {
            "value": 0.00299553980544213,
            "min": 0.0026986149754478247,
            "max": 0.00299553980544213,
            "count": 2
        },
        "SVG.Policy.Epsilon.mean": {
            "value": 0.1998513267985133,
            "min": 0.1998513267985133,
            "max": 0.1999487027772648,
            "count": 2
        },
        "SVG.Policy.Epsilon.sum": {
            "value": 1.998513267985133,
            "min": 1.7995383249953831,
            "max": 1.998513267985133,
            "count": 2
        },
        "SVG.Policy.Beta.mean": {
            "value": 0.004992581207245812,
            "min": 0.004992581207245812,
            "max": 0.004997440268585515,
            "count": 2
        },
        "SVG.Policy.Beta.sum": {
            "value": 0.04992581207245812,
            "min": 0.04497696241726963,
            "max": 0.04992581207245812,
            "count": 2
        },
        "SVG.IsTraining.mean": {
            "value": 1.0,
            "min": 1.0,
            "max": 1.0,
            "count": 2
        },
        "SVG.IsTraining.sum": {
            "value": 1.0,
            "min": 1.0,
            "max": 1.0,
            "count": 2
        }
    },
    "metadata": {
        "timer_format_version": "0.1.0",
        "start_time_seconds": "1756047653",
        "python_version": "3.9.6 (default, Mar 12 2025, 20:22:46) \n[Clang 17.0.0 (clang-1700.0.13.3)]",
        "command_line_arguments": "/Users/maximilian/.local/share/virtualenvs/config-6tAeTmUk/bin/mlagents-learn configuration.yaml --run-id=SVGTest",
        "mlagents_version": "0.30.0",
        "mlagents_envs_version": "0.30.0",
        "communication_protocol_version": "1.5.0",
        "pytorch_version": "1.11.0",
        "numpy_version": "1.21.2",
        "end_time_seconds": "1756049722"
    },
    "total": 2069.066891292,
    "count": 1,
    "self": 0.0023205829998005356,
    "children": {
        "run_training.setup": {
            "total": 0.017667291999999946,
            "count": 1,
            "self": 0.017667291999999946
        },
        "TrainerController.start_learning": {
            "total": 2069.046903417,
            "count": 1,
            "self": 2.4333527919493463,
            "children": {
                "TrainerController._reset_env": {
                    "total": 6.436876874999999,
                    "count": 1,
                    "self": 6.436876874999999
                },
                "TrainerController.advance": {
                    "total": 2060.094285251051,
                    "count": 303068,
                    "self": 2.269827064015317,
                    "children": {
                        "env_step": {
                            "total": 2009.2484987320372,
                            "count": 303068,
                            "self": 1950.0218493030864,
                            "children": {
                                "SubprocessEnvManager._take_step": {
                                    "total": 57.62142284398457,
                                    "count": 303068,
                                    "self": 4.921808661938023,
                                    "children": {
                                        "TorchPolicy.evaluate": {
                                            "total": 52.699614182046545,
                                            "count": 287367,
                                            "self": 52.699614182046545
                                        }
                                    }
                                },
                                "workers": {
                                    "total": 1.6052265849661769,
                                    "count": 303067,
                                    "self": 0.0,
                                    "children": {
                                        "worker_root": {
                                            "total": 2038.4895709470513,