{
    "name": "root",
    "gauges": {
        "FixedOberservation.Policy.Entropy.mean": {
            "value": 5.352911949157715,
            "min": 1.4288537502288818,
            "max": 5.352911949157715,
            "count": 90
        },
        "FixedOberservation.Policy.Entropy.sum": {
            "value": 535762.25,
            "min": 142931.09375,
            "max": 535762.25,
            "count": 90
        },
        "FixedOberservation.Environment.EpisodeLength.mean": {
            "value": 231.12354312354313,
            "min": 20.801613254850665,
            "max": 237.45107398568018,
            "count": 90
        },
        "FixedOberservation.Environment.EpisodeLength.sum": {
            "value": 99152.0,
            "min": 95417.0,
            "max": 100575.0,
            "count": 90
        },
        "FixedOberservation.achieved_checkpoints.mean": {
            "value": 221.50815850815852,
            "min": 29.189977071732724,
            "max": 229.16389548693587,
            "count": 90
        },
        "FixedOberservation.achieved_checkpoints.sum": {
            "value": 95027.0,
            "min": 89117.0,
            "max": 137095.0,
            "count": 90
        },
        "FixedOberservation.progress_norm.mean": {
            "value": 0.3732979465840441,
            "min": 0.04920964889728476,
            "max": 0.38623644606234625,
            "count": 90
        },
        "FixedOberservation.progress_norm.sum": {
            "value": 160.1448190845549,
            "min": 150.23705808341037,
            "max": 231.37910301052034,
            "count": 90
        },
        "FixedOberservation.Step.mean": {
            "value": 8999949.0,
            "min": 99966.0,
            "max": 8999949.0,
            "count": 90
        },
        "FixedOberservation.Step.sum": {
            "value": 8999949.0,
            "min": 99966.0,
            "max": 8999949.0,
            "count": 90
        },
        "FixedOberservation.Policy.ExtrinsicValueEstimate.mean": {
            "value": 4.783733367919922,
            "min": 0.9621996283531189,
            "max": 4.921212196350098,
            "count": 90
        },
        "FixedOberservation.Policy.ExtrinsicValueEstimate.sum": {
            "value": 2827.1865234375,
            "min": 2620.259033203125,
            "max": 4948.576171875,
            "count": 90
        },
        "FixedOberservation.Environment.CumulativeReward.mean": {
            "value": 19.07347122074424,
            "min": 2.3983819769258425,
            "max": 19.79642668040801,
            "count": 90
        },
        "FixedOberservation.Environment.CumulativeReward.sum": {
            "value": 8182.519153699279,
            "min": 7319.861793577671,
            "max": 12003.069282233715,
            "count": 90
        },
        "FixedOberservation.Policy.ExtrinsicReward.mean": {
            "value": 19.07347122074424,
            "min": 2.3983819769258425,
            "max": 19.79642668040801,
            "count": 90
        },
        "FixedOberservation.Policy.ExtrinsicReward.sum": {
            "value": 8182.519153699279,
            "min": 7319.861793577671,
            "max": 12003.069282233715,
            "count": 90
        },
        "FixedOberservation.Losses.PolicyLoss.mean": {
            "value": 0.02477821771926419,
            "min": 0.021531888646034832,
            "max": 0.026270134453834207,
            "count": 90
        },
        "FixedOberservation.Losses.PolicyLoss.sum": {
            "value": 0.22300395947337773,
            "min": 0.19383806884288787,
            "max": 0.26194377500796695,
            "count": 90
        },
        "FixedOberservation.Losses.ValueLoss.mean": {
            "value": 0.933410017357932,
            "min": 0.01110977807858338,
            "max": 1.059388379653295,
            "count": 90
        },
        "FixedOberservation.Losses.ValueLoss.sum": {
            "value": 8.400690156221389,
            "min": 0.1110977807858338,
            "max": 10.59388379653295,
            "count": 90
        },
        "FixedOberservation.Policy.LearningRate.mean": {
            "value": 0.00027314672334922903,
            "min": 0.00027314672334922903,
            "max": 0.00029984581704985244,
            "count": 90
        },
        "FixedOberservation.Policy.LearningRate.sum": {
            "value": 0.0024583205101430614,
            "min": 0.0024583205101430614,
            "max": 0.0029955363914432333,
            "count": 90
        },
        "FixedOberservation.Policy.Epsilon.mean": {
            "value": 0.19104890479937794,
            "min": 0.19104890479937794,
            "max": 0.19994860566615272,
            "count": 90
        },
        "FixedOberservation.Policy.Epsilon.sum": {
            "value": 1.7194401431944015,
            "min": 1.7194401431944015,
            "max": 1.9985121299851216,
            "count": 90
        },
        "FixedOberservation.Policy.Beta.mean": {
            "value": 0.04552534750920903,
            "min": 0.04552534750920903,
            "max": 0.04997430797250974,
            "count": 90
        },
        "FixedOberservation.Policy.Beta.sum": {
            "value": 0.4097281275828813,
            "min": 0.4097281275828813,
            "max": 0.4992562137795622,
            "count": 90
        },
        "FixedOberservation.IsTraining.mean": {
            "value": 1.0,
            "min": 1.0,
            "max": 1.0,
            "count": 90
        },
        "FixedOberservation.IsTraining.sum": {
            "value": 1.0,
            "min": 1.0,
            "max": 1.0,
            "count": 90
        }
    },
    "metadata": {
        "timer_format_version": "0.1.0",
        "start_time_seconds": "1757198768",
        "python_version": "3.9.6 (default, Mar 12 2025, 20:22:46) \n[Clang 17.0.0 (clang-1700.0.13.3)]",
        "command_line_arguments": "/Users/maximilian/.local/share/virtualenvs/config-6tAeTmUk/bin/mlagents-learn configuration_new.yaml --run-id=Milestones_10-MilestonePay_1-HolePunishment_0.2-Reward_0.5-Decision_3-Beta_0.05-StackedVectors_10-Boards_4-Tiltspeed_90",
        "mlagents_version": "0.30.0",
        "mlagents_envs_version": "0.30.0",
        "communication_protocol_version": "1.5.0",
        "pytorch_version": "1.11.0",
        "numpy_version": "1.21.2",
        "end_time_seconds": "1757225963"
    },
    "total": 27194.415191125,
    "count": 1,
    "self": 0.003156458999001188,
    "children": {
        "run_training.setup": {
            "total": 0.016415249999999992,
            "count": 1,
            "self": 0.016415249999999992
        },
        "TrainerController.start_learning": {
            "total": 27194.395619416002,
            "count": 1,
            "self": 18.0981743004304,
            "children": {
                "TrainerController._reset_env": {
                    "total": 6.716016625,
                    "count": 1,
                    "self": 6.716016625
                },
                "TrainerController.advance": {
                    "total": 27169.50928744957,
                    "count": 2308570,
                    "self": 16.713833007001085,
                    "children": {
                        "env_step": {
                            "total": 26074.28655192646,
                            "count": 2308570,
                            "self": 25448.170818333412,
                            "children": {
                                "SubprocessEnvManager._take_step": {
                                    "total": 614.5222639542858,
                                    "count": 2308570,
                                    "self": 41.37146759018219,
                                    "children": {
                                        "TorchPolicy.evaluate": {
                                            "total": 573.1507963641036,
                                            "count": 2258501,