{
    "name": "root",
    "gauges": {
        "OriginalLevel.Policy.Entropy.mean": {
            "value": 1.3994572162628174,
            "min": 1.3994572162628174,
            "max": 1.4128810167312622,
            "count": 2
        },
        "OriginalLevel.Policy.Entropy.sum": {
            "value": 140010.09375,
            "min": 140010.09375,
            "max": 141296.578125,
            "count": 2
        },
        "OriginalLevel.Step.mean": {
            "value": 199997.0,
            "min": 99951.0,
            "max": 199997.0,
            "count": 2
        },
        "OriginalLevel.Step.sum": {
            "value": 199997.0,
            "min": 99951.0,
            "max": 199997.0,
            "count": 2
        },
        "OriginalLevel.Policy.ExtrinsicValueEstimate.mean": {
            "value": -0.3904808759689331,
            "min": -0.3904808759689331,
            "max": 0.083590067923069,
            "count": 2
        },
        "OriginalLevel.Policy.ExtrinsicValueEstimate.sum": {
            "value": -841.8767700195312,
            "min": -841.8767700195312,
            "max": 160.99447631835938,
            "count": 2
        },
        "OriginalLevel.Environment.EpisodeLength.mean": {
            "value": 75.20503048780488,
            "min": 75.20503048780488,
            "max": 110.48494983277592,
            "count": 2
        },
        "OriginalLevel.Environment.EpisodeLength.sum": {
            "value": 98669.0,
            "min": 98669.0,
            "max": 99105.0,
            "count": 2
        },
        "OriginalLevel.achieved_checkpoints.mean": {
            "value": 31.50609756097561,
            "min": 27.085841694537347,
            "max": 31.50609756097561,
            "count": 2
        },
        "OriginalLevel.achieved_checkpoints.sum": {
            "value": 41336.0,
            "min": 24296.0,
            "max": 41336.0,
            "count": 2
        },
        "OriginalLevel.progress_norm.mean": {
            "value": 0.0530713364146877,
            "min": 0.04560758580568941,
            "max": 0.0530713364146877,
            "count": 2
        },
        "OriginalLevel.progress_norm.sum": {
            "value": 69.62959337607026,
            "min": 40.9100044677034,
            "max": 69.62959337607026,
            "count": 2
        },
        "OriginalLevel.Environment.CumulativeReward.mean": {
            "value": 4.1265950062192935,
            "min": 1.6037348641964075,
            "max": 4.1265950062192935,
            "count": 2
        },
        "OriginalLevel.Environment.CumulativeReward.sum": {
            "value": 5414.092648159713,
            "min": 1436.946438319981,
            "max": 5414.092648159713,
            "count": 2
        },
        "OriginalLevel.Policy.ExtrinsicReward.mean": {
            "value": 4.1265950062192935,
            "min": 1.6037348641964075,
            "max": 4.1265950062192935,
            "count": 2
        },
        "OriginalLevel.Policy.ExtrinsicReward.sum": {
            "value": 5414.092648159713,
            "min": 1436.946438319981,
            "max": 5414.092648159713,
            "count": 2
        },
        "OriginalLevel.Losses.PolicyLoss.mean": {
            "value": 0.023542844807961955,
            "min": 0.023542844807961955,
            "max": 0.023964783039668366,
            "count": 2
        },
        "OriginalLevel.Losses.PolicyLoss.sum": {
            "value": 0.23542844807961955,
            "min": 0.2156830473570153,
            "max": 0.23542844807961955,
            "count": 2
        },
        "OriginalLevel.Losses.ValueLoss.mean": {
            "value": 0.23315301015973092,
            "min": 0.23315301015973092,
            "max": 0.9242606153090794,
            "count": 2
        },
        "OriginalLevel.Losses.ValueLoss.sum": {
            "value": 2.331530101597309,
            "min": 2.331530101597309,
            "max": 8.318345537781715,
            "count": 2
        },
        "OriginalLevel.Policy.LearningRate.mean": {
            "value": 0.0002995528027445938,
            "min": 0.0002995528027445938,
            "max": 0.00029984568771656097,
            "count": 2
        },
        "OriginalLevel.Policy.LearningRate.sum": {
            "value": 0.002995528027445938,
            "min": 0.0026986111894490485,
            "max": 0.002995528027445938,
            "count": 2
        },
        "OriginalLevel.Policy.Epsilon.mean": {
            "value": 0.19985093419850936,
            "min": 0.19985093419850936,
            "max": 0.19994856255504112,
            "count": 2
        },
        "OriginalLevel.Policy.Epsilon.sum": {
            "value": 1.9985093419850937,
            "min": 1.7995370629953702,
            "max": 1.9985093419850937,
            "count": 2
        },
        "OriginalLevel.Policy.Beta.mean": {
            "value": 0.009985108326431083,
            "min": 0.009985108326431083,
            "max": 0.009994861399248614,
            "count": 2
        },
        "OriginalLevel.Policy.Beta.sum": {
            "value": 0.09985108326431083,
            "min": 0.08995375259323753,
            "max": 0.09985108326431083,
            "count": 2
        },
        "OriginalLevel.IsTraining.mean": {
            "value": 1.0,
            "min": 1.0,
            "max": 1.0,
            "count": 2
        },
        "OriginalLevel.IsTraining.sum": {
            "value": 1.0,
            "min": 1.0,
            "max": 1.0,
            "count": 2
        }
    },
    "metadata": {
        "timer_format_version": "0.1.0",
        "start_time_seconds": "1757150367",
        "python_version": "3.9.6 (default, Mar 12 2025, 20:22:46) \n[Clang 17.0.0 (clang-1700.0.13.3)]",
        "command_line_arguments": "/Users/maximilian/.local/share/virtualenvs/config-6tAeTmUk/bin/mlagents-learn configuration.yaml --run-id=Milestones_10-MilestonePay_10-Beta_0.01_TimePunish-0.02_HolePunish-3_Decision-2_NearestHoles-8",
        "mlagents_version": "0.30.0",
        "mlagents_envs_version": "0.30.0",
        "communication_protocol_version": "1.5.0",
        "pytorch_version": "1.11.0",
        "numpy_version": "1.21.2",
        "end_time_seconds": "1757150946"
    },
    "total": 579.343742334,
    "count": 1,
    "self": 0.002453167000112444,
    "children": {
        "run_training.setup": {
            "total": 0.019898874999999983,
            "count": 1,
            "self": 0.019898874999999983
        },
        "TrainerController.start_learning": {
            "total": 579.3213902919999,
            "count": 1,
            "self": 0.8480497619999596,
            "children": {
                "TrainerController._reset_env": {
                    "total": 9.841639749999999,
                    "count": 1,
                    "self": 9.841639749999999
                },
                "TrainerController.advance": {
                    "total": 568.51524703,
                    "count": 143708,
                    "self": 0.8163726079959588,
                    "children": {
                        "env_step": {
                            "total": 535.3005339190042,
                            "count": 143708,
                            "self": 508.50170922700073,
                            "children": {
                                "SubprocessEnvManager._take_step": {
                                    "total": 26.243080689008167,
                                    "count": 143708,
                                    "self": 1.7781433530073336,
                                    "children": {
                                        "TorchPolicy.evaluate": {
                                            "total": 24.464937336000833,
                                            "count": 142184,
                                            "self": 24.464937336000833
                                        }
                                    }
                                },