{
    "name": "root",
    "metadata": {
        "timer_format_version": "0.1.0",
        "start_time_seconds": "1757622100",
        "python_version": "3.9.6 (default, Mar 12 2025, 20:22:46) \n[Clang 17.0.0 (clang-1700.0.13.3)]",
        "command_line_arguments": "/Users/maximilian/.local/share/virtualenvs/config-6tAeTmUk/bin/mlagents-learn configuration_simple.yaml --run-id=Milestones_10-MilestonePay_1-HolePunishment_0.2-Reward_0.5-Decision_3-Beta_0.05-StackedVectors_10-Boards_4-Tiltspeed_90-Batch_1024-Buffer_10240-HiddenUnits_512-NoWallRayInformation",
        "mlagents_version": "0.30.0",
        "mlagents_envs_version": "0.30.0",
        "communication_protocol_version": "1.5.0",
        "pytorch_version": "1.11.0",
        "numpy_version": "1.21.2",
        "end_time_seconds": "1757622168"
    },
    "total": 67.735875209,
    "count": 1,
    "self": 0.009994958999996584,
    "children": {
        "run_training.setup": {
            "total": 0.018036457999999977,
            "count": 1,
            "self": 0.018036457999999977
        },
        "TrainerController.start_learning": {
            "total": 67.707843792,
            "count": 1,
            "self": 0.0029723699999948394,
            "children": {
                "TrainerController._reset_env": {
                    "total": 4.384590166,
                    "count": 1,
                    "self": 4.384590166
                },
                "TrainerController.advance": {
                    "total": 63.23463658900002,
                    "count": 354,
                    "self": 0.0026007130000280654,
                    "children": {
                        "env_step": {
                            "total": 63.210585920999996,
                            "count": 354,
                            "self": 63.117020892000006,
                            "children": {
                                "SubprocessEnvManager._take_step": {
                                    "total": 0.09206052600000181,
                                    "count": 354,
                                    "self": 0.005935404999991789,
                                    "children": {
                                        "TorchPolicy.evaluate": {
                                            "total": 0.08612512100001002,
                                            "count": 351,
                                            "self": 0.08612512100001002
                                        }
                                    }
                                },
                                "workers": {
                                    "total": 0.0015045029999889437,
                                    "count": 353,
                                    "self": 0.0,
                                    "children": {
                                        "worker_root": {
                                            "total": 2.3711879920000003,
                                            "count": 353,
                                            "is_parallel": true,
                                            "self": 0.25306749200000134,
                                            "children": {
                                                "steps_from_proto": {
                                                    "total": 0.000396000000000285,
                                                    "count": 1,
                                                    "is_parallel": true,
                                                    "self": 9.062499999945572e-05,
                                                    "children": {
                                                        "_process_rank_one_or_two_observation": {
                                                            "total": 0.0003053750000008293,
                                                            "count": 2,
                                                            "is_parallel": true,
                                                            "self": 0.0003053750000008293
                                                        }
                                                    }
                                                },
                                                "UnityEnvironment.step": {
                                                    "total": 2.1177244999999987,
                                                    "count": 353,
                                                    "is_parallel": true,
                                                    "self": 0.0087681090000018,
                                                    "children": {
                                                        "UnityEnvironment._generate_step_input": {
                                                            "total": 0.033656211000002934,
                                                            "count": 353,
                                                            "is_parallel": true,
                                                            "self": 0.033656211000002934
                                                        },
                                                        "communicator.exchange": {
                                                            "total": 2.029021170999995,
                                                            "count": 353,
                                                            "is_parallel": true,
                                                            "self": 2.029021170999995
                                                        },
                                                        "steps_from_proto": {
                                                            "total": 0.04627900899999915,
                                                            "count": 353,
                                                            "is_parallel": true,
                                                            "self": 0.010821228999989607,
                                                            "children": {
                                                                "_process_rank_one_or_two_observation": {
                                                                    "total": 0.03545778000000954,
                                                                    "count": 706,
                                                                    "is_parallel": true,
                                                                    "self": 0.03545778000000954
                                                                }
                                                            }
                                                        }
                                                    }
                                                }
                                            }
                                        }
                                    }
                                }
                            }
                        },
                        "trainer_advance": {
                            "total": 0.02144995499999247,
                            "count": 353,
                            "self": 0.0028208699999963116,
                            "children": {
                                "process_trajectory": {
                                    "total": 0.01862908499999616,
                                    "count": 353,
                                    "self": 0.01862908499999616
                                }
                            }
                        }
                    }
                },
                "TrainerController._save_models": {
                    "total": 0.08564466699999684,
                    "count": 1,
                    "self": 0.0012807499999922811,