{
    "name": "root",
    "gauges": {
        "StaticLevelAgent.Policy.Entropy.mean": {
            "value": 1.40699303150177,
            "min": 1.40699303150177,
            "max": 1.419132113456726,
            "count": 10
        },
        "StaticLevelAgent.Policy.Entropy.sum": {
            "value": 70356.6875,
            "min": 70356.6875,
            "max": 71006.2734375,
            "count": 10
        },
        "StaticLevelAgent.Step.mean": {
            "value": 499984.0,
            "min": 49971.0,
            "max": 499984.0,
            "count": 10
        },
        "StaticLevelAgent.Step.sum": {
            "value": 499984.0,
            "min": 49971.0,
            "max": 499984.0,
            "count": 10
        },
        "StaticLevelAgent.Policy.ExtrinsicValueEstimate.mean": {
            "value": -6.3954973220825195,
            "min": -12.489340782165527,
            "max": -1.0285640954971313,
            "count": 10
        },
        "StaticLevelAgent.Policy.ExtrinsicValueEstimate.sum": {
            "value": -5385.0087890625,
            "min": -10403.62109375,
            "max": -856.7938842773438,
            "count": 10
        },
        "StaticLevelAgent.Environment.EpisodeLength.mean": {
            "value": 224.53603603603602,
            "min": 224.53603603603602,
            "max": 239.0,
            "count": 10
        },
        "StaticLevelAgent.Environment.EpisodeLength.sum": {
            "value": 49847.0,
            "min": 49699.0,
            "max": 49951.0,
            "count": 10
        },
        "StaticLevelAgent.Environment.CumulativeReward.mean": {
            "value": -17.9230161353543,
            "min": -33.40018828405718,
            "max": -17.9230161353543,
            "count": 10
        },
        "StaticLevelAgent.Environment.CumulativeReward.sum": {
            "value": -3978.9095820486546,
            "min": -6980.63935136795,
            "max": -3925.42057672143,
            "count": 10
        },
        "StaticLevelAgent.Policy.ExtrinsicReward.mean": {
            "value": -17.9230161353543,
            "min": -33.40018828405718,
            "max": -17.9230161353543,
            "count": 10
        },
        "StaticLevelAgent.Policy.ExtrinsicReward.sum": {
            "value": -3978.9095820486546,
            "min": -6980.63935136795,
            "max": -3925.42057672143,
            "count": 10
        },
        "StaticLevelAgent.Losses.PolicyLoss.mean": {
            "value": 0.02213938735658303,
            "min": 0.02143951506509135,
            "max": 0.02499751416229022,
            "count": 10
        },
        "StaticLevelAgent.Losses.PolicyLoss.sum": {
            "value": 0.11069693678291516,
            "min": 0.09339450849996259,
            "max": 0.12408356065182793,
            "count": 10
        },
        "StaticLevelAgent.Losses.ValueLoss.mean": {
            "value": 0.5798015032211941,
            "min": 0.05231901001806061,
            "max": 2.4464028090238568,
            "count": 10
        },
        "StaticLevelAgent.Losses.ValueLoss.sum": {
            "value": 2.89900751610597,
            "min": 0.26159505009030304,
            "max": 9.785611236095427,
            "count": 10
        },
        "StaticLevelAgent.Policy.LearningRate.mean": {
            "value": 1.677705440768e-05,
            "min": 1.677705440768e-05,
            "max": 0.0002846103051299,
            "count": 10
        },
        "StaticLevelAgent.Policy.LearningRate.sum": {
            "value": 8.38852720384e-05,
            "min": 8.38852720384e-05,
            "max": 0.0012845574718142,
            "count": 10
        },
        "StaticLevelAgent.Policy.Epsilon.mean": {
            "value": 0.10559232000000003,
            "min": 0.10559232000000003,
            "max": 0.1948701,
            "count": 10
        },
        "StaticLevelAgent.Policy.Epsilon.sum": {
            "value": 0.5279616000000001,
            "min": 0.5004136000000001,
            "max": 0.9281858000000002,
            "count": 10
        },
        "StaticLevelAgent.Policy.Beta.mean": {
            "value": 0.00028905676800000007,
            "min": 0.00028905676800000007,
            "max": 0.004744017989999999,
            "count": 10
        },
        "StaticLevelAgent.Policy.Beta.sum": {
            "value": 0.0014452838400000004,
            "min": 0.0014452838400000004,
            "max": 0.02141647142,
            "count": 10
        },
        "StaticLevelAgent.IsTraining.mean": {
            "value": 1.0,
            "min": 1.0,
            "max": 1.0,
            "count": 10
        },
        "StaticLevelAgent.IsTraining.sum": {
            "value": 1.0,
            "min": 1.0,
            "max": 1.0,
            "count": 10
        }
    },
    "metadata": {
        "timer_format_version": "0.1.0",
        "start_time_seconds": "1752918174",
        "python_version": "3.9.6 (default, Mar 12 2025, 20:22:46) \n[Clang 17.0.0 (clang-1700.0.13.3)]",
        "command_line_arguments": "/Users/maximilian/.local/share/virtualenvs/config-WKQoqqDy/bin/mlagents-learn --force",
        "mlagents_version": "0.30.0",
        "mlagents_envs_version": "0.30.0",
        "communication_protocol_version": "1.5.0",
        "pytorch_version": "1.11.0",
        "numpy_version": "1.21.2",
        "end_time_seconds": "1752919361"
    },
    "total": 1186.876153625,
    "count": 1,
    "self": 0.004868250999834345,
    "children": {
        "run_training.setup": {
            "total": 0.02285383299999999,
            "count": 1,
            "self": 0.02285383299999999
        },
        "TrainerController.start_learning": {
            "total": 1186.848431541,
            "count": 1,
            "self": 2.418827220977164,
            "children": {
                "TrainerController._reset_env": {
                    "total": 4.430327958,
                    "count": 1,
                    "self": 4.430327958
                },
                "TrainerController.advance": {
                    "total": 1179.985072571023,
                    "count": 501904,
                    "self": 2.4357460788796743,
                    "children": {
                        "env_step": {
                            "total": 1136.3256280140304,
                            "count": 501904,
                            "self": 1083.983895006985,
                            "children": {
                                "SubprocessEnvManager._take_step": {
                                    "total": 50.650990790023776,
                                    "count": 501904,
                                    "self": 5.181523268047279,
                                    "children": {
                                        "TorchPolicy.evaluate": {
                                            "total": 45.4694675219765,
                                            "count": 500048,
                                            "self": 45.4694675219765
                                        }
                                    }
                                },
                                "workers": {
                                    "total": 1.6907422170215352,
                                    "count": 501904,
                                    "self": 0.0,
                                    "children": {
                                        "worker_root": {
                                            "total": 1179.1678850589522,
                                            "count": 501904,
                                            "is_parallel": true,
                                            "self": 193.55131387594645,
                                            "children": {
                                                "steps_from_proto": {
                                                    "total": 0.0004214170000000905,
                                                    "count": 1,