{
    "name": "root",
    "gauges": {
        "StaticLevelAgent.Policy.Entropy.mean": {
            "value": 1.4322420358657837,
            "min": 1.4237414598464966,
            "max": 1.436629056930542,
            "count": 10
        },
        "StaticLevelAgent.Policy.Entropy.sum": {
            "value": 71673.6875,
            "min": 71312.359375,
            "max": 71881.734375,
            "count": 10
        },
        "StaticLevelAgent.Step.mean": {
            "value": 499999.0,
            "min": 49991.0,
            "max": 499999.0,
            "count": 10
        },
        "StaticLevelAgent.Step.sum": {
            "value": 499999.0,
            "min": 49991.0,
            "max": 499999.0,
            "count": 10
        },
        "StaticLevelAgent.Policy.ExtrinsicValueEstimate.mean": {
            "value": -3.7640771865844727,
            "min": -4.343240261077881,
            "max": -0.5607529878616333,
            "count": 10
        },
        "StaticLevelAgent.Policy.ExtrinsicValueEstimate.sum": {
            "value": -3786.66162109375,
            "min": -4338.89697265625,
            "max": -560.1922607421875,
            "count": 10
        },
        "StaticLevelAgent.Environment.EpisodeLength.mean": {
            "value": 157.96496815286625,
            "min": 157.83174603174604,
            "max": 198.99598393574297,
            "count": 10
        },
        "StaticLevelAgent.Environment.EpisodeLength.sum": {
            "value": 49601.0,
            "min": 49548.0,
            "max": 49849.0,
            "count": 10
        },
        "StaticLevelAgent.Environment.CumulativeReward.mean": {
            "value": -29.17618709206581,
            "min": -35.8625481251982,
            "max": -29.17618709206581,
            "count": 10
        },
        "StaticLevelAgent.Environment.CumulativeReward.sum": {
            "value": -9190.49893400073,
            "min": -9632.765113309026,
            "max": -8647.917331114411,
            "count": 10
        },
        "StaticLevelAgent.Policy.ExtrinsicReward.mean": {
            "value": -29.17618709206581,
            "min": -35.8625481251982,
            "max": -29.17618709206581,
            "count": 10
        },
        "StaticLevelAgent.Policy.ExtrinsicReward.sum": {
            "value": -9190.49893400073,
            "min": -9632.765113309026,
            "max": -8647.917331114411,
            "count": 10
        },
        "StaticLevelAgent.Losses.PolicyLoss.mean": {
            "value": 0.023285370433392624,
            "min": 0.02157250499042372,
            "max": 0.026766438402895193,
            "count": 10
        },
        "StaticLevelAgent.Losses.PolicyLoss.sum": {
            "value": 0.11642685216696312,
            "min": 0.09027645347329477,
            "max": 0.1291671991154241,
            "count": 10
        },
        "StaticLevelAgent.Losses.ValueLoss.mean": {
            "value": 0.5498192797104517,
            "min": 0.5398710447053114,
            "max": 5.382651143272718,
            "count": 10
        },
        "StaticLevelAgent.Losses.ValueLoss.sum": {
            "value": 2.749096398552259,
            "min": 2.1594841788212458,
            "max": 21.530604573090873,
            "count": 10
        },
        "StaticLevelAgent.Policy.LearningRate.mean": {
            "value": 1.652457449184e-05,
            "min": 1.652457449184e-05,
            "max": 0.0002846058051314,
            "count": 10
        },
        "StaticLevelAgent.Policy.LearningRate.sum": {
            "value": 8.26228724592e-05,
            "min": 8.26228724592e-05,
            "max": 0.0012844140718619999,
            "count": 10
        },
        "StaticLevelAgent.Policy.Epsilon.mean": {
            "value": 0.10550816000000003,
            "min": 0.10550816000000003,
            "max": 0.19486860000000003,
            "count": 10
        },
        "StaticLevelAgent.Policy.Epsilon.sum": {
            "value": 0.5275408000000001,
            "min": 0.5001146,
            "max": 0.928138,
            "count": 10
        },
        "StaticLevelAgent.Policy.Beta.mean": {
            "value": 0.00028485718400000004,
            "min": 0.00028485718400000004,
            "max": 0.00474394314,
            "count": 10
        },
        "StaticLevelAgent.Policy.Beta.sum": {
            "value": 0.0014242859200000002,
            "min": 0.0014242859200000002,
            "max": 0.021414086199999998,
            "count": 10
        },
        "StaticLevelAgent.IsTraining.mean": {
            "value": 1.0,
            "min": 1.0,
            "max": 1.0,
            "count": 10
        },
        "StaticLevelAgent.IsTraining.sum": {
            "value": 1.0,
            "min": 1.0,
            "max": 1.0,
            "count": 10
        }
    },
    "metadata": {
        "timer_format_version": "0.1.0",
        "start_time_seconds": "1752881866",
        "python_version": "3.9.6 (default, Mar 12 2025, 20:22:46) \n[Clang 17.0.0 (clang-1700.0.13.3)]",
        "command_line_arguments": "/Users/maximilian/.local/share/virtualenvs/config-WKQoqqDy/bin/mlagents-learn --force",
        "mlagents_version": "0.30.0",
        "mlagents_envs_version": "0.30.0",
        "communication_protocol_version": "1.5.0",
        "pytorch_version": "1.11.0",
        "numpy_version": "1.21.2",
        "end_time_seconds": "1752883097"
    },
    "total": 1231.256625041,
    "count": 1,
    "self": 0.004937082999731501,
    "children": {
        "run_training.setup": {
            "total": 0.019033832999999944,
            "count": 1,
            "self": 0.019033832999999944
        },
        "TrainerController.start_learning": {
            "total": 1231.2326541250002,
            "count": 1,
            "self": 2.5139605760343784,
            "children": {
                "TrainerController._reset_env": {
                    "total": 6.183416042,
                    "count": 1,
                    "self": 6.183416042
                },
                "TrainerController.advance": {
                    "total": 1222.5205360059658,
                    "count": 502133,
                    "self": 2.406729199009078,
                    "children": {
                        "env_step": {
                            "total": 1178.5929870209775,
                            "count": 502133,
                            "self": 1125.8510211709154,
                            "children": {
                                "SubprocessEnvManager._take_step": {
                                    "total": 51.093248476016726,
                                    "count": 502134,
                                    "self": 5.145937526975246,
                                    "children": {
                                        "TorchPolicy.evaluate": {
                                            "total": 45.94731094904148,
                                            "count": 500097,
                                            "self": 45.94731094904148
                                        }
                                    }
                                },
                                "workers": {
                                    "total": 1.6487173740454866,
                                    "count": 502133,
                                    "self": 0.0,
                                    "children": {
                                        "worker_root": {
                                            "total": 1188.1998684709909,
                                            "count": 502133,
                                            "is_parallel": true,
                                            "self": 194.62202723496716,
                                            "children": {
                                                "steps_from_proto": {
                                                    "total": 0.0009263330000006675,
                                                    "count": 2,