{
    "name": "root",
    "gauges": {
        "OriginalLevel.Policy.Entropy.mean": {
            "value": 1.4196804761886597,
            "min": 1.4187289476394653,
            "max": 1.4196804761886597,
            "count": 2
        },
        "OriginalLevel.Policy.Entropy.sum": {
            "value": 141968.046875,
            "min": 141958.015625,
            "max": 141968.046875,
            "count": 2
        },
        "OriginalLevel.Step.mean": {
            "value": 199986.0,
            "min": 99949.0,
            "max": 199986.0,
            "count": 2
        },
        "OriginalLevel.Step.sum": {
            "value": 199986.0,
            "min": 99949.0,
            "max": 199986.0,
            "count": 2
        },
        "OriginalLevel.Policy.ExtrinsicValueEstimate.mean": {
            "value": 0.8403729200363159,
            "min": 0.23168803751468658,
            "max": 0.8403729200363159,
            "count": 2
        },
        "OriginalLevel.Policy.ExtrinsicValueEstimate.sum": {
            "value": 2196.73486328125,
            "min": 435.5735168457031,
            "max": 2196.73486328125,
            "count": 2
        },
        "OriginalLevel.Environment.EpisodeLength.mean": {
            "value": 41.173985780008366,
            "min": 41.173985780008366,
            "max": 138.69154929577465,
            "count": 2
        },
        "OriginalLevel.Environment.EpisodeLength.sum": {
            "value": 98447.0,
            "min": 98447.0,
            "max": 98471.0,
            "count": 2
        },
        "OriginalLevel.achieved_checkpoints.mean": {
            "value": 12.999581764951904,
            "min": 11.967605633802817,
            "max": 12.999581764951904,
            "count": 2
        },
        "OriginalLevel.achieved_checkpoints.sum": {
            "value": 31082.0,
            "min": 8497.0,
            "max": 31082.0,
            "count": 2
        },
        "OriginalLevel.progress_norm.mean": {
            "value": 0.04087918969077677,
            "min": 0.03763398116218372,
            "max": 0.04087918969077677,
            "count": 2
        },
        "OriginalLevel.progress_norm.sum": {
            "value": 97.74214255064726,
            "min": 26.720126625150442,
            "max": 97.74214255064726,
            "count": 2
        },
        "OriginalLevel.Environment.CumulativeReward.mean": {
            "value": 4.875237987393116,
            "min": 1.0582271191908021,
            "max": 4.875237987393116,
            "count": 2
        },
        "OriginalLevel.Environment.CumulativeReward.sum": {
            "value": 11651.818789869547,
            "min": 751.3412546254694,
            "max": 11651.818789869547,
            "count": 2
        },
        "OriginalLevel.Policy.ExtrinsicReward.mean": {
            "value": 4.875237987393116,
            "min": 1.0582271191908021,
            "max": 4.875237987393116,
            "count": 2
        },
        "OriginalLevel.Policy.ExtrinsicReward.sum": {
            "value": 11651.818789869547,
            "min": 751.3412546254694,
            "max": 11651.818789869547,
            "count": 2
        },
        "OriginalLevel.Losses.PolicyLoss.mean": {
            "value": 0.023907169418331854,
            "min": 0.02383150926476379,
            "max": 0.023907169418331854,
            "count": 2
        },
        "OriginalLevel.Losses.PolicyLoss.sum": {
            "value": 0.23907169418331856,
            "min": 0.21448358338287413,
            "max": 0.23907169418331856,
            "count": 2
        },
        "OriginalLevel.Losses.ValueLoss.mean": {
            "value": 0.17284587758282818,
            "min": 0.17284587758282818,
            "max": 0.8705665798098953,
            "count": 2
        },
        "OriginalLevel.Losses.ValueLoss.sum": {
            "value": 1.728458775828282,
            "min": 1.728458775828282,
            "max": 7.8350992182890575,
            "count": 2
        },
        "OriginalLevel.Policy.LearningRate.mean": {
            "value": 0.00029955310784449514,
            "min": 0.00029955310784449514,
            "max": 0.0002998456733832323,
            "count": 2
        },
        "OriginalLevel.Policy.LearningRate.sum": {
            "value": 0.0029955310784449516,
            "min": 0.0026986110604490907,
            "max": 0.0029955310784449516,
            "count": 2
        },
        "OriginalLevel.Policy.Epsilon.mean": {
            "value": 0.19985103589851036,
            "min": 0.19985103589851036,
            "max": 0.19994855777726336,
            "count": 2
        },
        "OriginalLevel.Policy.Epsilon.sum": {
            "value": 1.9985103589851037,
            "min": 1.7995370199953702,
            "max": 1.9985103589851037,
            "count": 2
        },
        "OriginalLevel.Policy.Beta.mean": {
            "value": 0.009985118486261184,
            "min": 0.009985118486261184,
            "max": 0.00999486092194861,
            "count": 2
        },
        "OriginalLevel.Policy.Beta.sum": {
            "value": 0.09985118486261184,
            "min": 0.0899537482975375,
            "max": 0.09985118486261184,
            "count": 2
        },
        "OriginalLevel.IsTraining.mean": {
            "value": 1.0,
            "min": 1.0,
            "max": 1.0,
            "count": 2
        },
        "OriginalLevel.IsTraining.sum": {
            "value": 1.0,
            "min": 1.0,
            "max": 1.0,
            "count": 2
        }
    },
    "metadata": {
        "timer_format_version": "0.1.0",
        "start_time_seconds": "1757152294",
        "python_version": "3.9.6 (default, Mar 12 2025, 20:22:46) \n[Clang 17.0.0 (clang-1700.0.13.3)]",
        "command_line_arguments": "/Users/maximilian/.local/share/virtualenvs/config-6tAeTmUk/bin/mlagents-learn configuration.yaml --run-id=Milestones_10-MilestonePay_10-Beta_0.01_TimePunish-0.02_HolePunish-3_Decision-2_NearestHoles-8_Boards-4_Interpolation-0.7",
        "mlagents_version": "0.30.0",
        "mlagents_envs_version": "0.30.0",
        "communication_protocol_version": "1.5.0",
        "pytorch_version": "1.11.0",
        "numpy_version": "1.21.2",
        "end_time_seconds": "1757152617"
    },
    "total": 323.33648929199995,
    "count": 1,
    "self": 0.0024486679999426997,
    "children": {
        "run_training.setup": {
            "total": 0.018159541000000057,
            "count": 1,
            "self": 0.018159541000000057
        },
        "TrainerController.start_learning": {
            "total": 323.315881083,
            "count": 1,
            "self": 0.39300460000083604,
            "children": {
                "TrainerController._reset_env": {
                    "total": 3.925429083,
                    "count": 1,
                    "self": 3.925429083
                },
                "TrainerController.advance": {
                    "total": 318.91611219199916,
                    "count": 64493,
                    "self": 0.3695276479970744,
                    "children": {
                        "env_step": {
                            "total": 289.8734858850045,
                            "count": 64493,
                            "self": 276.8683575110045,
                            "children": {
                                "SubprocessEnvManager._take_step": {
                                    "total": 12.73511798300019,
                                    "count": 64493,
                                    "self": 0.8528688270035474,
                                    "children": {
                                        "TorchPolicy.evaluate": {
                                            "total": 11.882249155996643,
                                            "count": 62209,
                                            "self": 11.882249155996643
                                        }
                                    }
                                },