{
    "name": "root",
    "gauges": {
        "DiffV2Agent.Policy.Entropy.mean": {
            "value": 1.4395982027053833,
            "min": 1.4245022535324097,
            "max": 1.4395982027053833,
            "count": 4
        },
        "DiffV2Agent.Policy.Entropy.sum": {
            "value": 71984.2265625,
            "min": 71260.7265625,
            "max": 71984.2265625,
            "count": 4
        },
        "DiffV2Agent.Step.mean": {
            "value": 199990.0,
            "min": 49977.0,
            "max": 199990.0,
            "count": 4
        },
        "DiffV2Agent.Step.sum": {
            "value": 199990.0,
            "min": 49977.0,
            "max": 199990.0,
            "count": 4
        },
        "DiffV2Agent.Policy.ExtrinsicValueEstimate.mean": {
            "value": -4.928010940551758,
            "min": -4.928010940551758,
            "max": 0.2572750747203827,
            "count": 4
        },
        "DiffV2Agent.Policy.ExtrinsicValueEstimate.sum": {
            "value": -4203.59326171875,
            "min": -4203.59326171875,
            "max": 228.2030029296875,
            "count": 4
        },
        "DiffV2Agent.Environment.EpisodeLength.mean": {
            "value": 364.3233082706767,
            "min": 215.7947598253275,
            "max": 364.3233082706767,
            "count": 4
        },
        "DiffV2Agent.Environment.EpisodeLength.sum": {
            "value": 48455.0,
            "min": 48455.0,
            "max": 49417.0,
            "count": 4
        },
        "DiffV2Agent.Environment.CumulativeReward.mean": {
            "value": -23.65990454228805,
            "min": -43.48949686072114,
            "max": 1.3504541757293855,
            "count": 4
        },
        "DiffV2Agent.Environment.CumulativeReward.sum": {
            "value": -3146.7673041243106,
            "min": -5958.061069918796,
            "max": 310.6044604177587,
            "count": 4
        },
        "DiffV2Agent.Policy.ExtrinsicReward.mean": {
            "value": -23.65990454228805,
            "min": -43.48949686072114,
            "max": 1.3504541757293855,
            "count": 4
        },
        "DiffV2Agent.Policy.ExtrinsicReward.sum": {
            "value": -3146.7673041243106,
            "min": -5958.061069918796,
            "max": 310.6044604177587,
            "count": 4
        },
        "DiffV2Agent.Losses.PolicyLoss.mean": {
            "value": 0.024898401937292265,
            "min": 0.0228056394138063,
            "max": 0.026507957436842842,
            "count": 4
        },
        "DiffV2Agent.Losses.PolicyLoss.sum": {
            "value": 0.12449200968646133,
            "min": 0.10603182974737137,
            "max": 0.12449200968646133,
            "count": 4
        },
        "DiffV2Agent.Losses.ValueLoss.mean": {
            "value": 13.639065344134966,
            "min": 0.023940656669437885,
            "max": 13.639065344134966,
            "count": 4
        },
        "DiffV2Agent.Losses.ValueLoss.sum": {
            "value": 68.19532672067483,
            "min": 0.11970328334718942,
            "max": 68.19532672067483,
            "count": 4
        },
        "DiffV2Agent.Policy.LearningRate.mean": {
            "value": 0.00029947626376934135,
            "min": 0.00029947626376934135,
            "max": 0.00029992306952487415,
            "count": 4
        },
        "DiffV2Agent.Policy.LearningRate.sum": {
            "value": 0.0014973813188467067,
            "min": 0.0011996922780994966,
            "max": 0.0014989218723485945,
            "count": 4
        },
        "DiffV2Agent.Policy.Epsilon.mean": {
            "value": 0.19982542119825422,
            "min": 0.19982542119825422,
            "max": 0.19997435649974357,
            "count": 4
        },
        "DiffV2Agent.Policy.Epsilon.sum": {
            "value": 0.9991271059912711,
            "min": 0.7998974259989743,
            "max": 0.9996406239964063,
            "count": 4
        },
        "DiffV2Agent.Policy.Beta.mean": {
            "value": 0.009982559577705597,
            "min": 0.009982559577705597,
            "max": 0.009997438214324382,
            "count": 4
        },
        "DiffV2Agent.Policy.Beta.sum": {
            "value": 0.04991279788852798,
            "min": 0.03998975285729753,
            "max": 0.049964098337240984,
            "count": 4
        },
        "DiffV2Agent.IsTraining.mean": {
            "value": 1.0,
            "min": 1.0,
            "max": 1.0,
            "count": 4
        },
        "DiffV2Agent.IsTraining.sum": {
            "value": 1.0,
            "min": 1.0,
            "max": 1.0,
            "count": 4
        }
    },
    "metadata": {
        "timer_format_version": "0.1.0",
        "start_time_seconds": "1754871285",
        "python_version": "3.9.6 (default, Mar 12 2025, 20:22:46) \n[Clang 17.0.0 (clang-1700.0.13.3)]",
        "command_line_arguments": "/Users/maximilian/.local/share/virtualenvs/config-WKQoqqDy/bin/mlagents-learn configuration_test.yaml --run-id=Beta01Reward02NoPunishmentHole0StuckRequest3",
        "mlagents_version": "0.30.0",
        "mlagents_envs_version": "0.30.0",
        "communication_protocol_version": "1.5.0",
        "pytorch_version": "1.11.0",
        "numpy_version": "1.21.2",
        "end_time_seconds": "1754871972"
    },
    "total": 686.596617083,
    "count": 1,
    "self": 0.0028982080000332644,
    "children": {
        "run_training.setup": {
            "total": 0.01751962500000004,
            "count": 1,
            "self": 0.01751962500000004
        },
        "TrainerController.start_learning": {
            "total": 686.57619925,
            "count": 1,
            "self": 1.2546345570018502,
            "children": {
                "TrainerController._reset_env": {
                    "total": 5.754746291,
                    "count": 1,
                    "self": 5.754746291
                },
                "TrainerController.advance": {
                    "total": 679.5006414439981,
                    "count": 216862,
                    "self": 1.2622122029742968,
                    "children": {
                        "env_step": {
                            "total": 657.7166599150146,
                            "count": 216862,
                            "self": 631.5946661370155,
                            "children": {
                                "SubprocessEnvManager._take_step": {
                                    "total": 25.25234734399846,
                                    "count": 216865,
                                    "self": 2.7152896649925893,
                                    "children": {
                                        "TorchPolicy.evaluate": {
                                            "total": 22.53705767900587,
                                            "count": 216318,
                                            "self": 22.53705767900587
                                        }
                                    }
                                },
                                "workers": {
                                    "total": 0.8696464340006242,
                                    "count": 216861,
                                    "self": 0.0,
                                    "children": {
                                        "worker_root": {
                                            "total": 548.9258087439919,
                                            "count": 216861,
                                            "is_parallel": true,
                                            "self": 97.4448350909928,
                                            "children": {
                                                "steps_from_proto": {
                                                    "total": 0.0015374159999939074,
                                                    "count": 4,