{
    "name": "root",
    "gauges": {
        "AdvDec_Beta.Policy.Entropy.mean": {
            "value": 1.4461121559143066,
            "min": 1.4263337850570679,
            "max": 1.4461121559143066,
            "count": 4
        },
        "AdvDec_Beta.Policy.Entropy.sum": {
            "value": 72294.0390625,
            "min": 71353.7734375,
            "max": 72294.0390625,
            "count": 4
        },
        "AdvDec_Beta.Step.mean": {
            "value": 199936.0,
            "min": 49980.0,
            "max": 199936.0,
            "count": 4
        },
        "AdvDec_Beta.Step.sum": {
            "value": 199936.0,
            "min": 49980.0,
            "max": 199936.0,
            "count": 4
        },
        "AdvDec_Beta.Policy.ExtrinsicValueEstimate.mean": {
            "value": 0.2284233421087265,
            "min": 0.21291805803775787,
            "max": 0.3718118667602539,
            "count": 4
        },
        "AdvDec_Beta.Policy.ExtrinsicValueEstimate.sum": {
            "value": 205.3525848388672,
            "min": 205.3525848388672,
            "max": 425.352783203125,
            "count": 4
        },
        "AdvDec_Beta.Environment.EpisodeLength.mean": {
            "value": 244.48,
            "min": 75.84485407066052,
            "max": 244.48,
            "count": 4
        },
        "AdvDec_Beta.Environment.EpisodeLength.sum": {
            "value": 48896.0,
            "min": 48896.0,
            "max": 49709.0,
            "count": 4
        },
        "AdvDec_Beta.Environment.CumulativeReward.mean": {
            "value": 1.2319166057028423,
            "min": 0.9333428683434613,
            "max": 1.2319166057028423,
            "count": 4
        },
        "AdvDec_Beta.Environment.CumulativeReward.sum": {
            "value": 247.6152377462713,
            "min": 247.6152377462713,
            "max": 651.8929116637446,
            "count": 4
        },
        "AdvDec_Beta.Policy.ExtrinsicReward.mean": {
            "value": 1.2319166057028423,
            "min": 0.9333428683434613,
            "max": 1.2319166057028423,
            "count": 4
        },
        "AdvDec_Beta.Policy.ExtrinsicReward.sum": {
            "value": 247.6152377462713,
            "min": 247.6152377462713,
            "max": 651.8929116637446,
            "count": 4
        },
        "AdvDec_Beta.Losses.PolicyLoss.mean": {
            "value": 0.023828931997219725,
            "min": 0.023755855445439615,
            "max": 0.025317513771976035,
            "count": 4
        },
        "AdvDec_Beta.Losses.PolicyLoss.sum": {
            "value": 0.11914465998609862,
            "min": 0.10127005508790414,
            "max": 0.12053962592811635,
            "count": 4
        },
        "AdvDec_Beta.Losses.ValueLoss.mean": {
            "value": 0.007772494998450082,
            "min": 0.007772494998450082,
            "max": 0.06762612901317577,
            "count": 4
        },
        "AdvDec_Beta.Losses.ValueLoss.sum": {
            "value": 0.03886247499225041,
            "min": 0.03886247499225041,
            "max": 0.2705045160527031,
            "count": 4
        },
        "AdvDec_Beta.Policy.LearningRate.mean": {
            "value": 0.0002994762085693593,
            "min": 0.0002994762085693593,
            "max": 0.0002999230402748836,
            "count": 4
        },
        "AdvDec_Beta.Policy.LearningRate.sum": {
            "value": 0.0014973810428467963,
            "min": 0.0011996921610995344,
            "max": 0.0014989218753485936,
            "count": 4
        },
        "AdvDec_Beta.Policy.Epsilon.mean": {
            "value": 0.19982540279825406,
            "min": 0.19982540279825406,
            "max": 0.19997434674974346,
            "count": 4
        },
        "AdvDec_Beta.Policy.Epsilon.sum": {
            "value": 0.9991270139912704,
            "min": 0.7998973869989738,
            "max": 0.9996406249964065,
            "count": 4
        },
        "AdvDec_Beta.Policy.Beta.mean": {
            "value": 0.007986049683580496,
            "min": 0.007986049683580496,
            "max": 0.007997950305304504,
            "count": 4
        },
        "AdvDec_Beta.Policy.Beta.sum": {
            "value": 0.03993024841790248,
            "min": 0.031991801221218016,
            "max": 0.03997128593721286,
            "count": 4
        },
        "AdvDec_Beta.IsTraining.mean": {
            "value": 1.0,
            "min": 1.0,
            "max": 1.0,
            "count": 4
        },
        "AdvDec_Beta.IsTraining.sum": {
            "value": 1.0,
            "min": 1.0,
            "max": 1.0,
            "count": 4
        }
    },
    "metadata": {
        "timer_format_version": "0.1.0",
        "start_time_seconds": "1754922986",
        "python_version": "3.9.6 (default, Mar 12 2025, 20:22:46) \n[Clang 17.0.0 (clang-1700.0.13.3)]",
        "command_line_arguments": "/Users/maximilian/.local/share/virtualenvs/config-WKQoqqDy/bin/mlagents-learn configuration.yaml --run-id=Beta0.008Dec5",
        "mlagents_version": "0.30.0",
        "mlagents_envs_version": "0.30.0",
        "communication_protocol_version": "1.5.0",
        "pytorch_version": "1.11.0",
        "numpy_version": "1.21.2",
        "end_time_seconds": "1754923690"
    },
    "total": 704.489207125,
    "count": 1,
    "self": 0.0025937919999705628,
    "children": {
        "run_training.setup": {
            "total": 0.019087375000000018,
            "count": 1,
            "self": 0.019087375000000018
        },
        "TrainerController.start_learning": {
            "total": 704.467525958,
            "count": 1,
            "self": 1.194379401011588,
            "children": {
                "TrainerController._reset_env": {
                    "total": 10.017712625,
                    "count": 1,
                    "self": 10.017712625
                },
                "TrainerController.advance": {
                    "total": 693.1807121819885,
                    "count": 203397,
                    "self": 1.2264321929986863,
                    "children": {
                        "env_step": {
                            "total": 673.2972265650034,
                            "count": 203397,
                            "self": 647.5457785709854,
                            "children": {
                                "SubprocessEnvManager._take_step": {
                                    "total": 24.929202332009922,
                                    "count": 203397,
                                    "self": 2.613040560998371,
                                    "children": {
                                        "TorchPolicy.evaluate": {
                                            "total": 22.31616177101155,
                                            "count": 201984,
                                            "self": 22.31616177101155
                                        }
                                    }
                                },
                                "workers": {
                                    "total": 0.8222456620080933,
                                    "count": 203396,
                                    "self": 0.0,
                                    "children": {
                                        "worker_root": {
                                            "total": 631.5481451840159,
                                            "count": 203396,
                                            "is_parallel": true,
                                            "self": 92.30729492902447,
                                            "children": {
                                                "steps_from_proto": {
                                                    "total": 0.0004894169999989373,
                                                    "count": 1,
                                                    "is_parallel": true,